"","Country name","Year","Life Ladder","Log GDP per capita","Social support","Healthy life expectancy at birth","Freedom to make life choices","Generosity","Perceptions of corruption","Positive affect","Negative affect","Confidence in national government","Democratic Quality","Delivery Quality","Standard deviation of ladder by country-year","Standard deviation/Mean of ladder by country-year","gini of household income reported in Gallup, by wp5-year"
"1","Afghanistan",2017,2.66171813011169,7.49775457382202,0.490880072116852,52.7999992370605,0.427010864019394,-0.112198285758495,0.954392552375793,0.496348559856415,0.371326178312302,0.261178523302078,-1.8865659236908,-1.43780755996704,1.45405077934265,0.546282768249512,0.286598861217499
"2","Afghanistan",2018,2.69430327415466,7.49458789825439,0.507515847682953,52.5999984741211,0.373535543680191,-0.0848878771066666,0.92760568857193,0.42412531375885,0.404904395341873,0.364666402339935,NA,NA,1.40834379196167,0.52271169424057,0.290681332349777
"3","Albania",2017,4.63954830169678,9.376145362854,0.637698292732239,68.4000015258789,0.749611020088196,-0.0326428152620792,0.876134634017944,0.669240891933441,0.333884119987488,0.457737535238266,0.299944996833801,-0.130315467715263,2.68210482597351,0.578096091747284,0.410487979650497
"4","Albania",2018,5.00440263748169,9.41239929199219,0.683591663837433,68.6999969482422,0.824212312698364,0.0053849508985877,0.899129390716553,0.713299572467804,0.318996727466583,0.435337960720062,NA,NA,2.64053082466125,0.527641534805298,0.456174194812775
"5","Algeria",2017,5.24891233444214,9.54063892364502,0.806753873825073,65.6999969482422,0.436670482158661,-0.191522106528282,0.699774205684662,0.64197963476181,0.288710027933121,NA,-0.927691161632538,-0.816839098930359,2.03976464271545,0.388607114553452,0.527555763721466
"6","Algeria",2018,5.04308605194092,9.55795192718506,0.798651337623596,65.9000015258789,0.583380579948425,-0.172413006424904,0.758704125881195,0.591042935848236,0.292945563793182,NA,NA,NA,1.97394287586212,0.391415655612946,0.66787189245224
"7","Argentina",2017,6.03933000564575,9.84870910644531,0.906699120998383,68.5999984741211,0.831966161727905,-0.182599917054176,0.8410524725914,0.809422612190247,0.291717261075974,0.305430293083191,0.351303786039352,-0.158055663108826,2.40932893753052,0.3989397585392,0.394175797700882
"8","Argentina",2018,5.79279661178589,9.80997180938721,0.89991158246994,68.8000030517578,0.845894694328308,-0.206936627626419,0.855255246162415,0.820309698581696,0.320502072572708,0.261352270841599,NA,NA,2.47255873680115,0.42683333158493,0.405355930328369
"9","Armenia",2017,4.28773641586304,9.08109474182129,0.697924911975861,66.5999984741211,0.613697052001953,-0.133957877755165,0.864683330059052,0.625013828277588,0.437148749828339,0.246900990605354,-0.633139133453369,-0.132938727736473,2.32537889480591,0.542332530021667,0.47887659072876
"10","Armenia",2018,5.06244850158691,9.11942386627197,0.81444901227951,66.9000015258789,0.80764365196228,-0.149108693003654,0.676826357841492,0.581487715244293,0.454840272665024,0.670827627182007,NA,NA,2.10211062431335,0.415235966444016,0.406403481960297
"11","Australia",2017,7.25703763961792,10.7065811157227,0.949957847595215,73.3000030517578,0.910550177097321,0.308772951364517,0.411346524953842,0.780078887939453,0.225360974669456,0.45340695977211,1.14008355140686,1.73567199707031,1.74569892883301,0.240552559494972,0.428340911865234
"12","Australia",2018,7.17699337005615,10.7210206985474,0.940137267112732,73.5999984741211,0.916028141975403,0.137795403599739,0.404647499322891,0.759018838405609,0.187456369400024,0.46883687376976,NA,NA,1.75028252601624,0.243874058127403,0.429814219474792
"13","Austria",2017,7.29372787475586,10.7240753173828,0.906217813491821,72.6999969482422,0.890030562877655,0.131114438176155,0.51830381155014,0.747568726539612,0.180268719792366,0.435907930135727,1.1894805431366,1.55931270122528,1.56106197834015,0.214028000831604,0.32294163107872
"14","Austria",2018,7.3960018157959,10.7418928146362,0.911668121814728,73,0.904111981391907,0.0515523329377174,0.52306056022644,0.752350389957428,0.226058796048164,0.488678723573685,NA,NA,1.55194008350372,0.209835007786751,0.299504399299622
"15","Azerbaijan",2017,5.15227937698364,9.67076206207275,0.787039399147034,65.1999969482422,0.731030464172363,-0.245215877890587,0.652539014816284,0.592359244823456,0.198318660259247,0.766583442687988,-1.16263282299042,-0.461928248405457,1.67375683784485,0.324857532978058,0.313743263483047
"16","Azerbaijan",2018,5.16799545288086,9.67801380157471,0.781229913234711,65.5,0.772449254989624,-0.251795291900635,0.56120628118515,0.592575371265411,0.191391661763191,0.83437192440033,NA,NA,1.86330211162567,0.360546380281448,0.260409832000732
"17","Bahrain",2017,6.22732067108154,10.6756935119629,0.87574714422226,68.5,0.905858516693115,0.128193482756615,NA,0.813570559024811,0.289759516716003,NA,-1.16743397712708,0.226644456386566,2.21552562713623,0.355775088071823,0.446609318256378
"18","Bangladesh",2017,4.3097710609436,8.1673469543457,0.712552785873413,63.7999992370605,0.896217167377472,0.0162690617144108,0.635014474391937,0.568827092647552,0.213505759835243,0.876646459102631,-0.932842969894409,-0.761903524398804,1.86536598205566,0.432822525501251,0.532750129699707
"19","Bangladesh",2018,4.49921703338623,8.22074604034424,0.705556035041809,64.3000030517578,0.901470839977264,-0.0380083359777927,0.701421201229095,0.541344702243805,0.361237794160843,0.831693112850189,NA,NA,2.15930318832397,0.479928642511368,0.367609113454819
"20","Belarus",2017,5.55291509628296,9.75080013275146,0.900255799293518,65.8000030517578,0.620979249477386,-0.129172563552856,0.654113411903381,0.540905773639679,0.232768073678017,0.447916299104691,-0.664460480213165,-0.539596855640411,1.66256368160248,0.299403756856918,0.283250212669373
"21","Belarus",2018,5.23376989364624,9.7787389755249,0.904569268226624,66.0999984741211,0.64360237121582,-0.181864842772484,0.718455493450165,0.450332850217819,0.235728621482849,0.421278685331345,NA,NA,1.69010710716248,0.322923451662064,0.293443888425827
"22","Belgium",2017,6.92834758758545,10.6609840393066,0.921639084815979,71.8000030517578,0.856801986694336,0.0517601482570171,0.543046057224274,0.78636759519577,0.233597695827484,0.449731916189194,0.904255330562592,1.31666731834412,1.5100132226944,0.217947095632553,0.354373842477798
"23","Belgium",2018,6.89217185974121,10.6724452972412,0.929815530776978,72,0.808386623859406,-0.127278342843056,0.630411803722382,0.749562740325928,0.250297337770462,0.441944539546967,NA,NA,1.54809069633484,0.224615797400475,0.299524575471878
"24","Benin",2017,4.85318088531494,7.63251543045044,0.435878992080688,53.9000015258789,0.726808249950409,-0.0428110808134079,0.767234623432159,0.614722311496735,0.457920342683792,0.615089297294617,0.211715877056122,-0.571933686733246,2.99812650680542,0.617765247821808,0.577069699764252
"25","Benin",2018,5.81982707977295,7.66390705108643,0.5035440325737,54.2999992370605,0.713264048099518,0.0246611647307873,0.746510744094849,0.646655142307281,0.467871814966202,0.639219760894775,NA,NA,3.31329798698425,0.56931209564209,0.606243252754211
"26","Bolivia",2017,5.65055274963379,8.83722114562988,0.778661787509918,63.2999992370605,0.883904933929443,-0.11527493596077,0.819261968135834,0.698195397853851,0.433943539857864,0.427632957696915,-0.164411470293999,-0.7885861992836,2.25048422813416,0.398276835680008,0.405886590480804
"27","Bolivia",2018,5.91573429107666,8.86053085327148,0.827159464359283,63.5999984741211,0.863246858119965,-0.0875683501362801,0.786044597625732,0.741972625255585,0.387468874454498,0.399588227272034,NA,NA,2.2045419216156,0.372657358646393,0.450113028287888
"28","Bosnia and Herzegovina",2017,5.08990240097046,9.36853122711182,0.775295257568359,67.5,0.563798666000366,0.0924986377358437,0.923343062400818,0.597341656684875,0.270745515823364,0.1263797134161,-0.294609069824219,-0.339562118053436,2.28100657463074,0.448143482208252,0.486203879117966
"29","Bosnia and Herzegovina",2018,5.88740110397339,9.40272617340088,0.835889577865601,67.8000030517578,0.658846437931061,0.124626904726028,0.9128577709198,0.642939507961273,0.277365058660507,0.254097163677216,NA,NA,1.98775029182434,0.337627798318863,0.385817497968674
"30","Botswana",2017,3.50488114356995,9.66823196411133,0.768258631229401,58.2000007629395,0.817308008670807,-0.253493279218674,0.731441497802734,0.656396448612213,0.276252508163452,0.770821094512939,0.706385910511017,0.550655007362366,2.66942548751831,0.761630833148956,0.637864351272583
"31","Botswana",2018,3.46136569976807,9.68022632598877,0.794936001300812,58.9000015258789,0.817621111869812,-0.259084016084671,0.806945443153381,0.729643225669861,0.267083704471588,0.718788146972656,NA,NA,2.63789248466492,0.762095868587494,0.616160452365875
"32","Brazil",2017,6.3329291343689,9.55417442321777,0.904694259166718,66.1999969482422,0.764792561531067,-0.184547558426857,0.794457376003265,0.71594512462616,0.307716906070709,0.16549026966095,0.0237931460142136,-0.304572016000748,2.5305061340332,0.399579107761383,0.39262256026268
"33","Brazil",2018,6.19092178344727,9.55793285369873,0.881505250930786,66.4000015258789,0.750609040260315,-0.126326516270638,0.763251304626465,0.749727845191956,0.349656254053116,0.168186649680138,NA,NA,2.63786721229553,0.426086336374283,0.420397132635117
"34","Bulgaria",2017,5.09690189361572,9.82894229888916,0.941754579544067,66.5999984741211,0.689047038555145,-0.156459167599678,0.910799741744995,0.61421674489975,0.188637346029282,0.326087951660156,0.375986754894257,0.171329617500305,1.85236382484436,0.363429367542267,0.343219518661499
"35","Bulgaria",2018,5.09881353378296,9.87321853637695,0.923853278160095,66.8000030517578,0.724335908889771,-0.17910960316658,0.952014446258545,0.639021873474121,0.189090982079506,0.218995898962021,NA,NA,2.03750658035278,0.399604052305222,0.341206520795822
"36","Burkina Faso",2017,4.64689111709595,7.44020652770996,0.784761369228363,53.4000015258789,0.613774716854095,-0.0548434555530548,0.727451324462891,0.585172474384308,0.353821069002151,0.54065614938736,-0.433187961578369,-0.386786103248596,2.19759202003479,0.472916603088379,0.553144335746765
"37","Burkina Faso",2018,4.92723608016968,7.47052001953125,0.664859473705292,53.9000015258789,0.720743477344513,-0.00438124081119895,0.75739860534668,0.710883557796478,0.342865526676178,0.622255086898804,NA,NA,2.64606976509094,0.537029206752777,0.605102121829987
"38","Burundi",2018,3.77528309822083,6.5410327911377,0.484715223312378,53.4000015258789,0.646398603916168,-0.0193341728299856,0.598607659339905,0.66644150018692,0.362766593694687,NA,NA,NA,2.81576585769653,0.745842278003693,0.68081271648407
"39","Cambodia",2017,4.58584213256836,8.20113086700439,0.765094935894012,61.2000007629395,0.963774681091309,0.0859953239560127,0.821022927761078,0.798616647720337,0.408283829689026,0.752442479133606,-0.493880957365036,-0.87629222869873,2.73265147209167,0.595888674259186,0.545690596103668
"40","Cambodia",2018,5.1218376159668,8.25335216522217,0.794605374336243,61.5999984741211,0.958304822444916,0.03378676623106,NA,0.8445925116539,0.414345800876617,NA,NA,NA,2.91145253181458,0.568439066410065,0.603439152240753
"41","Cameroon",2017,5.07405138015747,8.12116146087646,0.694596409797668,51.9000015258789,0.766945004463196,-0.0315709635615349,0.843585610389709,0.632338762283325,0.377498745918274,0.578775525093079,-1.06689774990082,-0.962742328643799,2.81522440910339,0.554827749729156,0.56523722410202
"42","Cameroon",2018,5.25073766708374,8.13347053527832,0.676825225353241,52.7000007629395,0.816304981708527,0.0325069166719913,0.884441614151001,0.642436504364014,0.355642408132553,0.645226299762726,NA,NA,2.92131352424622,0.556362509727478,0.521751046180725
"43","Canada",2017,7.41486835479736,10.6923446655273,0.933748960494995,73.4000015258789,0.945145010948181,0.155016168951988,0.362034320831299,0.862773478031158,0.217981159687042,0.652735948562622,1.29528379440308,1.86652767658234,1.60336375236511,0.216236308217049,0.60134893655777
"44","Canada",2018,7.17549657821655,10.7012481689453,0.92271876335144,73.5999984741211,0.945782899856567,0.0979661270976067,0.371740847826004,0.823668658733368,0.259397655725479,0.61046689748764,NA,NA,1.76445746421814,0.245900392532349,0.46544224023819
"45","Central African Republic",2017,3.4758620262146,6.49411678314209,0.319589138031006,45.2000007629395,0.645252346992493,0.0937543585896492,0.889566004276276,0.613865196704865,0.599335491657257,0.650284886360168,-1.52312183380127,-1.53873252868652,2.80707383155823,0.80759072303772,0.715371251106262
"46","Chad",2017,4.55893707275391,7.47769117355347,0.660615563392639,47.7000007629395,0.61484968662262,-0.00491950381547213,0.792389929294586,0.627503156661987,0.538245439529419,0.473544389009476,-1.35647988319397,-1.34958696365356,2.88096046447754,0.63193690776825,0.561519265174866
"47","Chad",2018,4.48632526397705,7.47257471084595,0.577253580093384,48.2000007629395,0.650354564189911,0.0113400863483548,0.762879312038422,0.552737295627594,0.543836236000061,0.577436029911041,NA,NA,3.10762143135071,0.692687511444092,0.607654750347137
"48","Chile",2017,6.32011938095093,10.0330686569214,0.879840791225433,69.8000030517578,0.790116488933563,-0.0302612632513046,0.835987508296967,0.838474810123444,0.29104208946228,0.268283307552338,0.688375234603882,1.05940806865692,2.16242027282715,0.342148631811142,0.574647009372711
"49","Chile",2018,6.43622064590454,10.0659198760986,0.89008492231369,69.9000015258789,0.788530349731445,-0.0706158429384232,0.81629741191864,0.832562208175659,0.275820225477219,0.334744155406952,NA,NA,2.15299844741821,0.334512829780579,0.434312701225281
"50","China",2017,5.09906148910522,9.63617706298828,0.772033214569092,69,0.877617597579956,-0.191224813461304,NA,0.821097254753113,0.214004755020142,NA,-0.87781023979187,-0.0645545125007629,2.27166390419006,0.445506274700165,0.633354961872101
"51","China",2018,5.13143396377563,9.69437599182129,0.787605345249176,69.3000030517578,0.895377695560455,-0.174899160861969,NA,0.855783879756927,0.189639791846275,NA,NA,NA,2.26285910606384,0.440979868173599,0.538205683231354
"52","Colombia",2017,6.15734195709229,9.49212646484375,0.90924996137619,67.4000015258789,0.837554633617401,-0.162942990660667,0.875018119812012,0.836926996707916,0.299308955669403,0.221882596611977,-0.337445110082626,-0.113991968333721,2.5448215007782,0.413298726081848,0.542027473449707
"53","Colombia",2018,5.98351240158081,9.51173400878906,0.87097042798996,67.6999969482422,0.850765764713287,-0.155047997832298,0.854820907115936,0.825455188751221,0.30062410235405,0.274869501590729,NA,NA,2.68267226219177,0.448344051837921,0.506853818893433
"54","Comoros",2018,3.97281956672668,7.26014232635498,0.621302962303162,57.2000007629395,0.560182332992554,0.136247515678406,0.79375833272934,0.74774158000946,0.337493658065796,0.317273706197739,NA,NA,2.88271236419678,0.725608706474304,0.598217666149139
"55","Congo (Brazzaville)",2017,4.88399124145508,8.49318885803223,0.655440509319305,57.2999992370605,0.777783453464508,-0.163537174463272,0.762783110141754,0.598951637744904,0.381640553474426,0.469826549291611,-0.824424743652344,-1.23947501182556,2.90680122375488,0.595169186592102,0.477259427309036
"56","Congo (Brazzaville)",2018,5.49021434783936,8.47327899932861,0.620622932910919,57.9000015258789,0.698700070381165,-0.12450098246336,0.738020181655884,0.587506592273712,0.447646170854568,0.473673611879349,NA,NA,3.346595287323,0.609556376934052,0.597126543521881
"57","Congo (Kinshasa)",2017,4.31103324890137,6.69472694396973,0.669688403606415,52.9000015258789,0.704239547252655,0.0850663632154465,0.809181869029999,0.550525903701782,0.404262065887451,0.478412300348282,-1.87226915359497,-1.55175387859344,2.64247918128967,0.612957298755646,0.632452130317688
"58","Costa Rica",2017,7.22518157958984,9.65020656585693,0.92169713973999,71.0999984741211,0.935618460178375,-0.0731791779398918,0.74235075712204,0.874395847320557,0.275440067052841,0.407448440790176,0.815186500549316,0.404245346784592,2.07998394966125,0.287879824638367,0.469308227300644
"59","Costa Rica",2018,7.14107465744019,9.66942596435547,0.875872433185577,71.3000030517578,0.941888332366943,-0.104196012020111,0.78130179643631,0.870097815990448,0.325866639614105,0.479977786540985,NA,NA,2.14596962928772,0.300510734319687,0.786516606807709
"60","Croatia",2017,5.3431658744812,10.0287885665894,0.770309686660767,69.5999984741211,0.715822279453278,-0.105906412005424,0.891559720039368,0.655305027961731,0.316488236188889,0.211000666022301,0.628294408321381,0.380520015954971,1.57082140445709,0.29398700594902,0.338284969329834
"61","Croatia",2018,5.53627109527588,10.0657510757446,0.909806847572327,70.1999969482422,0.690855622291565,-0.152529239654541,0.92540830373764,0.582044124603271,0.290375977754593,0.248180910944939,NA,NA,1.7036806344986,0.307730704545975,0.322490155696869
"62","Cyprus",2017,6.06205129623413,10.3863801956177,0.818671047687531,73.5,0.811670660972595,0.0400627143681049,0.851206421852112,0.784188449382782,0.300516605377197,0.312653422355652,0.827816247940063,0.904508113861084,2.36952495574951,0.390878409147263,0.410138428211212
"63","Cyprus",2018,6.27644300460815,NA,0.825573205947876,73.6999969482422,0.794215023517609,NA,0.848337233066559,0.750122487545013,0.298021137714386,0.352440446615219,NA,NA,2.12888503074646,0.339186549186707,0.448661059141159
"64","Czech Republic",2017,6.7895679473877,10.3922491073608,0.900968968868256,69.8000030517578,0.831785500049591,-0.178765177726746,0.866524994373322,0.738743960857391,0.226649791002274,0.34387081861496,0.993396639823914,0.985034346580505,1.69713449478149,0.249962076544762,0.282945662736893
"65","Czech Republic",2018,7.03416538238525,10.4194736480713,0.929163932800293,70.3000030517578,0.790132403373718,-0.294359624385834,0.851382255554199,0.713700115680695,0.178068101406097,0.420783311128616,NA,NA,1.67493367195129,0.238114058971405,0.254285722970963
"66","Denmark",2017,7.59370231628418,10.7511253356934,0.952100098133087,72.0999984741211,0.955416321754456,0.152028441429138,0.181147560477257,0.823667407035828,0.205775305628777,0.572353303432465,1.1904433965683,1.86886262893677,1.66807425022125,0.219665482640266,0.63081294298172
"67","Denmark",2018,7.64878559112549,10.75559425354,0.95821887254715,72.4000015258789,0.935437798500061,0.0155928526073694,0.15060743689537,0.821422636508942,0.20605280995369,0.632478475570679,NA,NA,1.65106010437012,0.215859115123749,0.479050666093826
"68","Dominican Republic",2017,5.60520267486572,9.58883571624756,0.89436811208725,65.5,0.855359017848969,-0.123324632644653,0.760489642620087,0.738943636417389,0.274745523929596,0.459901332855225,0.158870548009872,-0.397110551595688,3.24083709716797,0.578183770179749,0.48091322183609
"69","Dominican Republic",2018,5.43321561813354,9.62699794769287,0.861986339092255,65.8000030517578,0.866641581058502,-0.15095129609108,0.762273550033569,0.744871854782104,0.291403025388718,0.421771019697189,NA,NA,3.39545392990112,0.624943733215332,0.52009505033493
"70","Ecuador",2017,5.83951854705811,9.2669038772583,0.848941743373871,68.1999969482422,0.879128158092499,-0.170977935194969,0.733588755130768,0.829141974449158,0.314343482255936,0.640512883663177,-0.137001991271973,-0.655896365642548,2.69317531585693,0.461198180913925,0.413334310054779
"71","Ecuador",2018,6.12801027297974,9.27445507049561,0.851345002651215,68.5,0.869363725185394,-0.104021087288857,0.830743193626404,0.876474916934967,0.328171044588089,0.402085185050964,NA,NA,2.48578763008118,0.40564352273941,0.438511908054352
"72","Egypt",2017,3.92934417724609,9.26390075683594,0.638226389884949,61.4000015258789,0.592504799365997,-0.159880474209785,NA,0.539322555065155,0.414493799209595,NA,-1.33229267597198,-0.639170169830322,2.28986072540283,0.582759022712708,0.380814850330353
"73","Egypt",2018,4.00545072555542,9.29395961761475,0.758824050426483,61.7000007629395,0.681654453277588,-0.222929537296295,NA,0.492260754108429,0.285183787345886,NA,NA,NA,2.02060604095459,0.504464089870453,0.323928564786911
"74","El Salvador",2017,6.33931827545166,8.89459609985352,0.828952610492706,65.8000030517578,0.757827341556549,-0.17079296708107,0.777748584747314,0.848850607872009,0.268448352813721,0.270235061645508,-0.0469647720456123,-0.470085859298706,2.47715592384338,0.390760630369186,0.402195245027542
"75","El Salvador",2018,6.27624607086182,8.91195869445801,0.823999166488647,66.0999984741211,0.863207280635834,-0.0967869088053703,0.826600015163422,0.871536493301392,0.265370607376099,0.323992043733597,NA,NA,2.51637411117554,0.400936186313629,0.444246530532837
"76","Estonia",2017,5.93839597702026,10.2915096282959,0.935686349868774,68.4000015258789,0.861749231815338,-0.104597918689251,0.668402254581451,0.805217981338501,0.160164102911949,0.405946254730225,0.936887979507446,1.32073378562927,1.85183990001678,0.311841756105423,0.396599620580673
"77","Estonia",2018,6.09130239486694,10.324107170105,0.932693779468536,68.5999984741211,0.885618388652802,-0.144664913415909,0.620677947998047,0.794730246067047,0.163182109594345,0.42020258307457,NA,NA,1.76292371749878,0.289416551589966,0.36719486117363
"78","Ethiopia",2017,4.18031549453735,7.45583438873291,0.733539760112762,58,0.717101216316223,0.00751884281635284,0.756898939609528,0.608514785766602,0.304436177015305,0.768354296684265,-1.56467723846436,-0.678986608982086,1.82991588115692,0.437745869159698,0.42026749253273
"79","Ethiopia",2018,4.37926244735718,7.52451658248901,0.740154504776001,58.5,0.74034309387207,0.0432735048234463,0.799466252326965,0.659520864486694,0.271753966808319,0.875270962715149,NA,NA,1.94581115245819,0.444323927164078,0.440552592277527
"80","Finland",2017,7.78825187683105,10.6111717224121,0.963826417922974,71.8000030517578,0.962198972702026,-0.00569597538560629,0.192412778735161,0.787137091159821,0.176065787672997,0.597538590431213,1.31100702285767,1.99989986419678,1.41639828681946,0.181863442063332,0.425614446401596
"81","Finland",2018,7.85810708999634,10.6360597610474,0.962155044078827,71.9000015258789,0.937807381153107,-0.131735160946846,0.198604837059975,0.781546413898468,0.181780651211739,0.555102229118347,NA,NA,1.42561233043671,0.181419298052788,0.36229419708252
"82","France",2017,6.63522243499756,10.5611543655396,0.9314945936203,73.5999984741211,0.83389014005661,-0.127377018332481,0.601486027240753,0.762097775936127,0.241983935236931,0.374793529510498,0.679978489875793,1.30175757408142,1.63106441497803,0.245819106698036,0.372855246067047
"83","France",2018,6.66590356826782,10.5733518600464,0.921463072299957,73.8000030517578,0.816377222537994,-0.141567125916481,0.581775307655334,0.767313420772552,0.28245136141777,0.380547434091568,NA,NA,1.59904932975769,0.239884853363037,0.360965639352798
"84","Gabon",2017,4.78238296508789,9.71489143371582,0.806941151618958,59.2000007629395,0.652359545230865,-0.247073993086815,0.868305504322052,0.634047150611877,0.446124285459518,0.286989241838455,-0.571620047092438,-0.803622364997864,2.45713114738464,0.513788044452667,0.589230179786682
"85","Gabon",2018,4.78300905227661,9.71831607818604,0.784827589988708,59.7000007629395,0.719135403633118,-0.217487514019012,0.822863459587097,0.640691637992859,0.417660981416702,0.311373710632324,NA,NA,2.62363862991333,0.548533082008362,0.485094249248505
"86","Gambia",2017,4.11793899536133,7.35357284545898,0.697001516819,54.7000007629395,0.812325835227966,0.126379773020744,0.57161557674408,0.838287174701691,0.277247190475464,0.796493291854858,-0.427905082702637,-0.552332282066345,2.48023080825806,0.602299094200134,0.562509775161743
"87","Gambia",2018,4.92209911346436,7.37655353546143,0.68479996919632,55,0.71872878074646,NA,0.691069543361664,0.804012179374695,0.379207700490952,0.757543444633484,NA,NA,3.15885758399963,0.641770422458649,0.592391192913055
"88","Georgia",2017,4.45077466964722,9.1845178604126,0.59049516916275,64.6999969482422,0.820908784866333,-0.230505853891373,0.589631974697113,0.58112770318985,0.209639608860016,0.296396225690842,-0.0541742742061615,0.674269735813141,1.77507996559143,0.398824959993362,0.454276502132416
"89","Georgia",2018,4.65909719467163,9.22910022735596,0.617218554019928,64.5,0.775144100189209,-0.219247594475746,0.754853785037994,0.572953462600708,0.243778914213181,0.300006181001663,NA,NA,2.2230532169342,0.477142482995987,0.419812053442001
"90","Germany",2017,7.07432460784912,10.7194995880127,0.892166078090668,71.9000015258789,0.840727865695953,0.141375407576561,0.414021193981171,0.736565709114075,0.196434810757637,0.622935652732849,0.982752084732056,1.73796725273132,1.441730260849,0.203797578811646,0.319597333669662
"91","Germany",2018,7.11836433410645,10.7309446334839,0.919763147830963,72.1999969482422,0.876887500286102,0.0301996488124132,0.495673954486847,0.780280411243439,0.243214577436447,0.592990577220917,NA,NA,1.62358915805817,0.228084579110146,0.283512622117996
"92","Ghana",2017,5.48131084442139,8.34939670562744,0.66911107301712,56.7999992370605,0.783046364784241,0.082861453294754,0.838609993457794,0.702511727809906,0.247518941760063,0.670288562774658,0.33919432759285,-0.0861630886793137,2.55111956596375,0.465421438217163,0.501201510429382
"93","Greece",2017,5.14824151992798,10.1094598770142,0.752899527549744,72.1999969482422,0.438300013542175,-0.29122731089592,0.872239470481873,0.602939009666443,0.332830756902695,0.139880895614624,0.291475027799606,0.124455310404301,2.41163110733032,0.468437820672989,0.346705943346024
"94","Greece",2018,5.40928936004639,10.1320581436157,0.793500781059265,72.4000015258789,0.564455687999725,-0.336384534835815,0.86030238866806,0.665699064731598,0.255006581544876,0.157048657536507,NA,NA,2.0797712802887,0.384481430053711,0.315494269132614
"95","Guatemala",2017,6.32511854171753,8.91244697570801,0.826492071151733,64.5,0.91452169418335,-0.0599324032664299,0.799747884273529,0.845865786075592,0.308086156845093,0.458623856306076,-0.427182585000992,-0.673654079437256,2.8589460849762,0.451998800039291,0.495318561792374
"96","Guatemala",2018,6.62659168243408,8.92342853546143,0.841107249259949,64.8000030517578,0.90953803062439,-0.0111670335754752,0.765454411506653,0.871362030506134,0.262411266565323,0.457064419984818,NA,NA,2.84046125411987,0.428645879030228,0.634369075298309
"97","Guinea",2017,4.87372255325317,7.60036516189575,0.634025573730469,53.2999992370605,0.738212823867798,0.046024639159441,0.750026226043701,0.70447713136673,0.42246088385582,0.639980792999268,-0.673567533493042,-1.02909016609192,2.96993541717529,0.609377205371857,0.618353307247162
"98","Guinea",2018,5.25222682952881,7.63371801376343,0.630433142185211,54.4000015258789,0.731157243251801,0.10001128166914,0.778393805027008,0.743881046772003,0.44043830037117,0.591723740100861,NA,NA,3.30263519287109,0.62880665063858,0.603387713432312
"99","Haiti",2017,3.82386565208435,7.41045141220093,0.646984994411469,55.5,0.484429150819778,0.380740523338318,0.64719158411026,0.573366701602936,0.321692764759064,0.435076951980591,-0.720903515815735,-1.424440741539,2.15694499015808,0.564074456691742,0.574473023414612
"100","Haiti",2018,3.61492800712585,7.41609191894531,0.537975907325745,55.7000007629395,0.591468393802643,0.420986384153366,0.720444738864899,0.584113299846649,0.358720034360886,0.367896646261215,NA,NA,3.07673025131226,0.851117968559265,0.669433951377869
"101","Honduras",2017,6.01998567581177,8.42107772827148,0.843354940414429,67,0.898377418518066,0.0786035656929016,0.783429443836212,0.842200934886932,0.248383343219757,0.495585024356842,-0.49690055847168,-0.677816927433014,2.96358609199524,0.492291212081909,0.561559021472931
"102","Honduras",2018,5.90842390060425,8.4392032623291,0.827067017555237,67.1999969482422,0.872161686420441,0.105728693306446,0.803564786911011,0.87184464931488,0.287357896566391,0.398913681507111,NA,NA,3.13472032546997,0.530551016330719,0.67215883731842
"103","Hong Kong S.A.R. of China",2017,5.36247491836548,10.9340867996216,0.831066310405731,75.9073181152344,0.830657243728638,0.128979280591011,0.415810197591782,0.639533460140228,0.200593411922455,0.545040726661682,0.637072324752808,1.84966373443604,1.78455948829651,0.332786530256271,0.47127839922905
"104","Hungary",2017,6.06503868103027,10.1953191757202,0.87674754858017,67.1999969482422,0.661165952682495,-0.145813331007957,0.886361300945282,0.735184252262115,0.180921271443367,0.377770513296127,0.589618563652039,0.445649564266205,1.79240918159485,0.295531362295151,0.330753207206726
"105","Iceland",2017,7.47621393203735,10.7468414306641,0.966752827167511,73,0.938783288002014,0.243323683738708,0.726845383644104,0.895254552364349,0.148160010576248,0.365041941404343,1.37449526786804,1.58184087276459,1.63009083271027,0.218036949634552,0.33243790268898
"106","India",2017,4.04611110687256,8.76821231842041,0.606767475605011,59.7000007629395,0.885850429534912,-0.0536204949021339,0.78080278635025,0.682090997695923,0.317936778068542,0.839278399944305,-0.22030808031559,-0.0992568284273148,1.65982758998871,0.41022789478302,0.380112171173096
"107","India",2018,3.81806874275208,8.83028030395508,0.638051986694336,60.0999984741211,0.890443384647369,0.0718063041567802,0.805263340473175,0.657287180423737,0.357458084821701,0.753280878067017,NA,NA,2.21235275268555,0.579442858695984,0.428205668926239
"108","Indonesia",2017,5.09840154647827,9.32266330718994,0.795589208602905,61.9000015258789,0.865026295185089,0.475460678339005,0.900416433811188,0.862584173679352,0.319171577692032,0.825765371322632,-0.190967619419098,-0.16609026491642,2.32517910003662,0.456060409545898,0.449708253145218
"109","Indonesia",2018,5.34029579162598,9.36282730102539,0.809378862380981,62.0999984741211,0.879374384880066,0.499377816915512,0.867729425430298,0.86371785402298,0.29598680138588,0.837602734565735,NA,NA,2.53080248832703,0.47390678524971,0.464347183704376
"110","Iran",2017,4.71678304672241,9.85653305053711,0.714232921600342,65.6999969482422,0.730635166168213,0.186621651053429,0.714941322803497,0.693666040897369,0.438533902168274,NA,-1.11446523666382,-0.720983266830444,2.49717903137207,0.52942419052124,0.852039635181427
"111","Iran",2018,4.27811765670776,9.88606452941895,0.673764705657959,66,0.603319883346558,0.0447155013680458,0.703439772129059,0.553196609020233,0.493148893117905,0.549940705299377,NA,NA,2.37570834159851,0.555316269397736,0.440586149692535
"112","Iraq",2017,4.46239900588989,9.65911960601807,0.695109367370605,59.5999984741211,0.627722024917603,-0.0377148538827896,0.757108807563782,0.505288541316986,0.590538740158081,0.424050778150558,-1.68963372707367,-1.36938738822937,2.89948487281799,0.649759232997894,0.550368130207062
"113","Ireland",2017,7.06015539169312,11.1174402236938,0.943481981754303,72.1999969482422,0.905341148376465,0.210759684443474,0.337084740400314,0.833388924598694,0.212784126400948,0.603799641132355,1.15564441680908,1.46319770812988,1.76133441925049,0.249475300312042,0.367454171180725
"114","Ireland",2018,6.96233558654785,11.1633281707764,0.937862396240234,72.3000030517578,0.861471593379974,0.139783427119255,0.362210243940353,0.810857236385345,0.213050067424774,0.618405282497406,NA,NA,1.86378812789917,0.267695814371109,0.366410613059998
"115","Israel",2017,7.33103609085083,10.4082641601562,0.916440844535828,73.0999984741211,0.768076300621033,0.142772495746613,0.792652249336243,0.673591315746307,0.276443153619766,0.389368146657944,-0.0913962423801422,1.12643468379974,1.52268290519714,0.207703649997711,0.245601236820221
"116","Israel",2018,6.92717885971069,10.4245738983154,0.909595429897308,73.3000030517578,0.724662303924561,0.0525499619543552,0.770134806632996,0.663489639759064,0.282062560319901,0.422329723834991,NA,NA,1.73490703105927,0.250449299812317,0.261861771345139
"117","Italy",2017,6.19887018203735,10.4693717956543,0.919791221618652,73.4000015258789,0.632843255996704,-0.0371780842542648,0.866667926311493,0.661180734634399,0.32284614443779,0.230196297168732,0.645315766334534,0.429987013339996,1.92724657058716,0.310902863740921,0.346708387136459
"118","Italy",2018,6.51652669906616,10.4805164337158,0.912656128406525,73.5999984741211,0.650009274482727,-0.0234622694551945,0.887824833393097,0.649023056030273,0.402975350618362,0.206626191735268,NA,NA,1.52274465560913,0.233674272894859,0.457490861415863
"119","Ivory Coast",2017,5.03773498535156,8.18896865844727,0.661375343799591,48.9000015258789,0.732097923755646,-0.096848264336586,0.770940244197845,0.697735488414764,0.357455790042877,0.516654312610626,-0.683459937572479,-0.564029216766357,2.61209011077881,0.518504858016968,0.557953953742981
"120","Ivory Coast",2018,5.26837491989136,8.23613357543945,0.620882570743561,49.5,0.712590038776398,-0.0369596593081951,0.790966868400574,0.682098388671875,0.385631382465363,0.535438716411591,NA,NA,3.07824087142944,0.584286630153656,0.520244359970093
"121","Jamaica",2017,5.8897590637207,9.01110458374023,0.913029849529266,67.0999984741211,0.860676348209381,-0.128097996115685,0.882796168327332,0.769282162189484,0.243399634957314,0.348201751708984,0.472380340099335,0.0764720067381859,2.39933776855469,0.407374531030655,0.5645352602005
"122","Japan",2017,5.9106764793396,10.5713739395142,0.881961286067963,74.9000015258789,0.849396586418152,-0.217277035117149,0.659198641777039,0.740387618541718,0.175512179732323,0.412489950656891,1.06427764892578,1.51991748809814,1.9502569437027,0.329954952001572,0.426153689622879
"123","Japan",2018,5.79357528686523,10.581618309021,0.886431932449341,75,0.773472130298615,-0.272972285747528,0.686784505844116,0.703355014324188,0.185300156474113,0.384880393743515,NA,NA,1.91602551937103,0.33071556687355,0.418661803007126
"124","Jordan",2017,4.80808258056641,9.0285177230835,0.814664542675018,66.5999984741211,0.766262471675873,-0.150125920772552,NA,0.62779837846756,0.391505181789398,NA,-0.625526785850525,0.18353870511055,2.52389240264893,0.524927020072937,0.363606214523315
"125","Jordan",2018,4.63893365859985,9.02443504333496,0.799544334411621,66.8000030517578,0.762420296669006,-0.183489695191383,NA,NA,NA,NA,NA,NA,2.76446056365967,0.595925867557526,0.391051113605499
"126","Kazakhstan",2017,5.88235139846802,10.0881223678589,0.914093196392059,64,0.745243966579437,-0.0456177592277527,0.755250692367554,0.756762206554413,0.171486407518387,0.755705773830414,-0.605611205101013,-0.263141751289368,1.74532377719879,0.29670512676239,0.337242871522903
"127","Kazakhstan",2018,6.00763607025146,10.1111660003662,0.936656713485718,64.5999984741211,0.840182960033417,-0.108595311641693,0.823782980442047,0.69319874048233,0.161542281508446,0.615031957626343,NA,NA,1.87868869304657,0.312716782093048,0.384010791778564
"128","Kenya",2017,4.47565412521362,8.00404071807861,0.714604318141937,59.5,0.853394389152527,0.249233558773994,0.854000389575958,0.788452208042145,0.230210304260254,0.63786256313324,-0.643422961235046,-0.478327602148056,2.5323634147644,0.565808534622192,0.521331965923309
"129","Kenya",2018,4.65570259094238,8.03267765045166,0.706719875335693,60.0999984741211,0.821412980556488,0.306653082370758,0.844244062900543,0.759102880954742,0.236920773983002,0.675367295742035,NA,NA,2.74923062324524,0.590508222579956,0.584187030792236
"130","Kosovo",2017,6.14919996261597,9.18971252441406,0.792087256908417,64.8792953491211,0.85767674446106,0.111966609954834,0.925191819667816,0.738435566425323,0.185879096388817,0.298196136951447,-0.161395013332367,-0.367653489112854,2.43245315551758,0.395572304725647,0.402043372392654
"131","Kosovo",2018,6.39182567596436,NA,0.822406530380249,65.1498260498047,0.889737010002136,NA,0.922078192234039,0.778271317481995,0.170248463749886,0.347546547651291,NA,NA,2.56380105018616,0.401106208562851,0.402302265167236
"132","Kuwait",2017,6.09390544891357,11.0902719497681,0.853491306304932,66.5,0.884181618690491,-0.0390139408409595,NA,0.692071914672852,0.307320803403854,NA,-0.323726534843445,-0.114577859640121,2.35575318336487,0.386575281620026,0.591861426830292
"133","Kyrgyzstan",2017,5.62953662872314,8.12960910797119,0.882586658000946,63.7999992370605,0.859389781951904,0.164255797863007,0.87449449300766,0.755125224590302,0.160438314080238,0.561672747135162,-0.435535430908203,-0.76085489988327,1.90139102935791,0.337752670049667,0.382150888442993
"134","Kyrgyzstan",2018,5.29738330841064,8.15130519866943,0.898147821426392,64.0999984741211,0.94494765996933,0.287731975317001,0.907405316829681,0.763270556926727,0.203300148248672,0.497065544128418,NA,NA,1.90160620212555,0.3589708507061,0.388922274112701
"135","Laos",2017,4.62314081192017,8.76364040374756,0.707335770130157,58.2999992370605,0.891000747680664,0.0730663239955902,0.591616809368134,0.872791767120361,0.344225883483887,0.839935004711151,-0.660406410694122,-0.72428297996521,1.88197386264801,0.407076895236969,0.5850870013237
"136","Laos",2018,4.85940217971802,8.81360340118408,0.704738140106201,58.7000007629395,0.906660974025726,0.140599459409714,0.634239852428436,0.852213561534882,0.331882506608963,NA,NA,NA,2.16145396232605,0.444798320531845,0.552090644836426
"137","Latvia",2017,5.97781753540039,10.1291818618774,0.895098745822906,66.5,0.699520111083984,-0.158590495586395,0.798378109931946,0.623312771320343,0.23175311088562,0.264000505208969,0.628388106822968,0.88166081905365,1.81480312347412,0.303589582443237,0.36218523979187
"138","Latvia",2018,5.90115404129028,10.1841173171997,0.913276314735413,66.8000030517578,0.608207643032074,-0.216999530792236,0.798949241638184,0.585233271121979,0.191870555281639,0.197162300348282,NA,NA,1.71840155124664,0.291197538375854,0.330420047044754
"139","Lebanon",2017,5.15398979187012,9.50058650970459,0.776583015918732,66.5999984741211,0.604554176330566,-0.072667308151722,0.910727262496948,0.515443921089172,0.243549212813377,0.217718094587326,-1.0853613615036,-0.661101758480072,1.92976760864258,0.374422073364258,0.326644003391266
"140","Lebanon",2018,5.16718673706055,9.50795841217041,0.829380631446838,67.0999984741211,0.607030689716339,-0.0663259327411652,0.906650304794312,0.463880777359009,0.270688891410828,0.219074845314026,NA,NA,2.1507933139801,0.416240692138672,0.319639176130295
"141","Lesotho",2017,3.79530072212219,7.95547866821289,0.768551647663116,47.2999992370605,0.756505191326141,-0.153132945299149,0.796859443187714,0.746201753616333,0.255303084850311,0.69529914855957,-0.105936452746391,-0.368156135082245,2.84377694129944,0.749288976192474,0.591477990150452
"142","Liberia",2017,4.4244909286499,6.62378358840942,0.684866845607758,55.2999992370605,0.733389914035797,0.0354487560689449,0.866806387901306,0.667946457862854,0.391330540180206,0.554991543292999,-0.216689959168434,-0.992483615875244,3.39373993873596,0.767035126686096,0.590849876403809
"143","Liberia",2018,4.13485288619995,6.63016986846924,0.726750135421753,56.0999984741211,0.76576954126358,0.0960026308894157,0.867924094200134,0.659731566905975,0.436099499464035,0.703912019729614,NA,NA,3.71895837783813,0.899417340755463,0.661966323852539
"144","Libya",2017,5.64685249328613,9.79152202606201,0.822758793830872,62.2999992370605,0.77869588136673,-0.0530385933816433,0.673065543174744,0.69704931974411,0.379374176263809,NA,-1.88445258140564,-1.84039950370789,2.50778794288635,0.444103688001633,0.586069345474243
"145","Libya",2018,5.49397754669189,NA,0.824165165424347,62.2999992370605,0.780558526515961,NA,0.645838797092438,0.705535411834717,0.398903101682663,NA,NA,NA,2.47234296798706,0.450009673833847,0.596754014492035
"146","Lithuania",2017,6.27294063568115,10.2929677963257,0.926316618919373,66.6999969482422,0.749307334423065,-0.177641674876213,0.789709866046906,0.607613146305084,0.195118829607964,0.321247279644012,0.882906198501587,0.920204639434814,2.17580437660217,0.346855580806732,0.428504139184952
"147","Lithuania",2018,6.30887889862061,10.3395118713379,0.929350137710571,67.3000030517578,0.698945105075836,-0.240978553891182,0.851745069026947,0.516805112361908,0.213559716939926,0.323758095502853,NA,NA,1.95395016670227,0.309714317321777,0.330166399478912
"148","Luxembourg",2017,7.0613808631897,11.4540023803711,0.905435502529144,72.5999984741211,0.902821719646454,0.0395547822117805,0.330173581838608,0.765816867351532,0.184467002749443,0.73892205953598,1.42865931987762,1.77440595626831,1.42447590827942,0.201727673411369,0.292349696159363
"149","Luxembourg",2018,7.24263095855713,11.4539279937744,0.902192413806915,72.5999984741211,0.883929848670959,-0.0254960618913174,0.385146111249924,0.750309467315674,0.201894342899323,0.755200862884521,NA,NA,1.34478163719177,0.185675844550133,0.326442360877991
"150","Macedonia",2017,5.23386669158936,9.48122310638428,0.799955129623413,67.3000030517578,0.752106606960297,-0.0579917728900909,0.855697274208069,0.50245988368988,0.299390584230423,0.442916452884674,-0.194677427411079,0.0240495502948761,2.11188721656799,0.403504192829132,0.371204376220703
"151","Macedonia",2018,5.23983478546143,9.50304412841797,0.848915159702301,67.5,0.744800925254822,-0.0402908697724342,0.909934341907501,0.590138077735901,0.298352867364883,0.396141588687897,NA,NA,2.15059685707092,0.410432189702988,0.340062618255615
"152","Madagascar",2017,4.07862043380737,7.25590133666992,0.626331984996796,58.7000007629395,0.570347905158997,-0.0296923574060202,0.847260773181915,0.751698076725006,0.374838024377823,0.541916131973267,-0.337169587612152,-0.934928178787231,2.32891488075256,0.571005523204803,0.578316509723663
"153","Madagascar",2018,4.07058668136597,7.27989482879639,0.665512979030609,59.0999984741211,0.551473081111908,0.00569242006167769,0.88914567232132,0.752341032028198,0.362013816833496,0.44230592250824,NA,NA,2.57461166381836,0.632491528987885,0.576086401939392
"154","Malawi",2017,3.41686296463013,6.99854803085327,0.555422723293304,56.9000015258789,0.847920775413513,0.0174410622566938,0.734636604785919,0.6086665391922,0.312088340520859,0.620332539081573,-0.151014924049377,-0.610420644283295,2.76029324531555,0.807844281196594,0.574055969715118
"155","Malawi",2018,3.33463358879089,7.00593233108521,0.527843475341797,57.5999984741211,0.798915147781372,0.0650608763098717,0.765963792800903,0.586300432682037,0.364894032478333,0.572984874248505,NA,NA,3.12833952903748,0.938135921955109,0.702330112457275
"156","Malaysia",2018,5.33881759643555,10.2355041503906,0.789408564567566,67,0.874548256397247,0.112881354987621,0.894131124019623,0.824454665184021,0.200366735458374,0.732398390769958,NA,NA,1.64282298088074,0.307712882757187,0.444762200117111
"157","Mali",2017,4.74185037612915,7.60802984237671,0.741359412670135,51.2000007629395,0.753213346004486,-0.0671203285455704,0.862655162811279,0.74183577299118,0.392784148454666,0.504820108413696,-1.08318889141083,-0.73065459728241,2.51166796684265,0.529680967330933,0.549026548862457
"158","Mali",2018,4.41572952270508,7.62742805480957,0.691859066486359,51.7000007629395,0.737204551696777,-0.0318885557353497,0.793091416358948,0.770017266273499,0.369648188352585,0.510795414447784,NA,NA,2.63104462623596,0.595834672451019,0.598786890506744
"159","Malta",2017,6.67566585540771,10.5054321289062,0.937331795692444,72.1999969482422,0.923642933368683,0.247621223330498,0.690494537353516,0.720753371715546,0.302443116903305,0.752005159854889,1.21745634078979,1.04256558418274,1.99455034732819,0.298779249191284,0.419637620449066
"160","Malta",2018,6.90971088409424,NA,0.931541502475739,72.1999969482422,0.927340686321259,NA,0.595199882984161,0.721224427223206,0.295698791742325,0.757713675498962,NA,NA,1.81986021995544,0.26337718963623,0.385406851768494
"161","Mauritania",2017,4.67815971374512,8.18803119659424,0.77922523021698,56.7000007629395,0.527446806430817,-0.135666266083717,0.777314066886902,0.637107074260712,0.272321939468384,0.292109727859497,-0.709610879421234,-0.711579561233521,2.13054990768433,0.455424785614014,NA
"162","Mauritania",2018,4.31361532211304,8.19654941558838,0.801595509052277,57,0.466888546943665,-0.0954514518380165,0.710529267787933,0.663382470607758,0.275557994842529,0.258394151926041,NA,NA,2.11999654769897,0.491466283798218,NA
"163","Mauritius",2017,6.17411756515503,9.91801834106445,0.910142242908478,66.0999984741211,0.912307500839233,0.0779785960912704,0.818179905414581,0.74776017665863,0.168721184134483,0.614670753479004,0.892901718616486,0.693957209587097,2.24779057502747,0.364066690206528,0.41562682390213
"164","Mauritius",2018,5.88174057006836,9.95644760131836,0.908841550350189,66.4000015258789,0.866928100585938,-0.082134947180748,0.785249710083008,0.773951649665833,0.157993257045746,0.619251132011414,NA,NA,2.55725836753845,0.434779196977615,0.432353794574738
"165","Mexico",2017,6.41029930114746,9.7605676651001,0.799839377403259,68,0.86140513420105,-0.204242065548897,0.800893068313599,0.842642307281494,0.230990886688232,0.256953150033951,-0.362546622753143,-0.33081129193306,2.2362072467804,0.348845988512039,0.43877112865448
"166","Mexico",2018,6.54957866668701,9.76991939544678,0.858068883419037,68.3000030517578,0.816200494766235,-0.181818425655365,0.808638095855713,0.881713449954987,0.213254362344742,0.294568479061127,NA,NA,2.32632994651794,0.355187714099884,0.456424832344055
"167","Moldova",2017,5.32553052902222,8.55448341369629,0.830767929553986,64.3000030517578,0.552825212478638,-0.00362958200275898,0.926333785057068,0.581488788127899,0.25947779417038,0.132729634642601,-0.134786367416382,-0.440356492996216,1.88516926765442,0.353987127542496,0.433169960975647
"168","Moldova",2018,5.6822772026062,8.59237670898438,0.892079889774323,65,0.823824346065521,-0.0336773544549942,0.928719878196716,0.581714630126953,0.270072460174561,0.237631857395172,NA,NA,2.03444123268127,0.358032733201981,0.400689601898193
"169","Mongolia",2017,5.33385038375854,9.37931060791016,0.924250781536102,62.0999984741211,0.674627423286438,0.104439713060856,0.864952206611633,0.675165295600891,0.213599517941475,0.2750583589077,0.554071605205536,-0.283345133066177,2.09516167640686,0.392804741859436,0.389351516962051
"170","Mongolia",2018,5.46462297439575,9.41570281982422,0.941514134407043,62.2999992370605,0.695546805858612,0.040724154561758,0.848502218723297,0.654125034809113,0.191890299320221,0.270371317863464,NA,NA,2.01012444496155,0.367843210697174,0.364350020885468
"171","Montenegro",2017,5.6147985458374,9.70560264587402,0.881199836730957,68.3000030517578,0.62590628862381,-0.0820779651403427,0.755680024623871,0.519128143787384,0.349785089492798,0.35154989361763,0.0682956576347351,0.0946689024567604,2.20751190185547,0.393159598112106,0.352438509464264
"172","Montenegro",2018,5.6501898765564,9.73295497894287,0.85597962141037,68.5,0.626431286334991,-0.0486967600882053,0.768922507762909,0.589933156967163,0.354935258626938,0.39849916100502,NA,NA,2.27036285400391,0.401820629835129,0.406528621912003
"173","Morocco",2017,5.3124828338623,8.92065811157227,0.641193091869354,65.5999984741211,0.81425803899765,-0.227033942937851,0.840502440929413,0.559288203716278,0.322715908288956,NA,-0.530936360359192,-0.17383836209774,2.28716826438904,0.430527180433273,0.527966916561127
"174","Morocco",2018,4.89679193496704,8.93739795684814,0.553759753704071,65.9000015258789,0.773180425167084,-0.245612621307373,0.84317272901535,0.638049185276031,0.415981560945511,NA,NA,NA,2.71051120758057,0.55352795124054,0.54310667514801
"175","Mozambique",2017,4.27986335754395,7.03535890579224,0.678463697433472,53.2000007629395,0.822670519351959,-0.0249641239643097,0.682108938694,0.648381412029266,0.35317650437355,0.759234368801117,-0.699048221111298,-0.871083498001099,2.98501992225647,0.697456836700439,0.608845353126526
"176","Mozambique",2018,4.65371370315552,7.03937768936157,0.738480448722839,54.2000007629395,0.896621584892273,0.0535916313529015,0.69122040271759,0.639639556407928,0.397278726100922,0.832037925720215,NA,NA,3.3264319896698,0.714790880680084,0.784366607666016
"177","Myanmar",2017,4.15434169769287,8.62901973724365,0.795183837413788,58.7000007629395,0.886011838912964,0.629576742649078,0.618821501731873,0.745647490024567,0.282285541296005,0.824176549911499,-0.974802851676941,-0.848311066627502,2.23386597633362,0.537718415260315,0.424162179231644
"178","Myanmar",2018,4.4106330871582,8.68523216247559,0.773825943470001,59,0.906110823154449,0.469964563846588,0.64672589302063,0.776950597763062,0.300140351057053,0.878752648830414,NA,NA,2.28704071044922,0.518528878688812,0.424045383930206
"179","Namibia",2017,4.44130611419678,9.16343879699707,0.828339040279388,56.2000007629395,0.810401856899261,-0.1966253221035,0.831302881240845,0.720678210258484,0.277252167463303,0.7458536028862,0.598779201507568,0.143256172537804,2.73977327346802,0.616884589195251,0.602735936641693
"180","Namibia",2018,4.83408784866333,9.15621376037598,0.864214777946472,56.5,0.753904759883881,-0.175729155540466,0.845942497253418,0.739386975765228,0.240249082446098,0.624467790126801,NA,NA,2.10193753242493,0.434815764427185,0.771211087703705
"181","Nepal",2017,4.73669242858887,7.80090188980103,0.816383302211761,62.4000015258789,0.845147609710693,0.144506737589836,0.770177125930786,0.570577025413513,0.37597793340683,0.559578537940979,-0.448143601417542,-0.755725800991058,2.46845364570618,0.521134436130524,0.463746637105942
"182","Nepal",2018,4.9100866317749,7.85100746154785,0.768335521221161,63.5,0.770093679428101,0.132780745625496,0.741752803325653,0.536977708339691,0.386792421340942,0.648398160934448,NA,NA,3.04015445709229,0.619165122509003,0.497896462678909
"183","Netherlands",2017,7.45896530151367,10.7887525558472,0.936501324176788,72.1999969482422,0.920319736003876,0.244597196578979,0.363133639097214,0.852184891700745,0.184519842267036,0.669553637504578,1.24293279647827,1.89913022518158,1.31847989559174,0.176764443516731,0.441935479640961
"184","Netherlands",2018,7.4630970954895,10.8092041015625,0.939443171024323,72.3000030517578,0.919985175132751,0.155536487698555,0.37055778503418,0.861976623535156,0.204794183373451,0.656541049480438,NA,NA,1.23473262786865,0.165445074439049,0.467997848987579
"185","New Zealand",2017,7.32718276977539,10.4936561584473,0.954920649528503,73,0.942279458045959,0.289705753326416,0.221887484192848,0.817431271076202,0.171716570854187,0.609015464782715,1.57500922679901,2.00467109680176,1.65033578872681,0.2252347022295,0.446442186832428
"186","New Zealand",2018,7.370285987854,10.5014772415161,0.953862726688385,73.1999969482422,0.949300169944763,0.116750031709671,0.206580221652985,0.845362603664398,0.167951449751854,0.642461240291595,NA,NA,1.56991600990295,0.213006123900414,0.388641357421875
"187","Nicaragua",2017,6.47635650634766,8.57950019836426,0.838043689727783,67.1999969482422,0.922162771224976,0.0103005412966013,0.672963321208954,0.849764168262482,0.308447897434235,0.590425193309784,-0.382219225168228,-0.706709802150726,2.65725326538086,0.410300642251968,0.442813009023666
"188","Nicaragua",2018,5.8189525604248,8.61451244354248,0.854276537895203,67.5,0.79705685377121,0.00283000874333084,0.712824761867523,0.792649328708649,0.408349841833115,0.343466877937317,NA,NA,2.7110755443573,0.465904384851456,0.42959064245224
"189","Niger",2017,4.61567354202271,6.8308744430542,0.582109570503235,53,0.683557569980621,-0.0171520318835974,0.777660012245178,0.731161415576935,0.426522374153137,0.601117253303528,-0.858492195606232,-0.668969094753265,2.78039789199829,0.602381825447083,0.659296870231628
"190","Niger",2018,5.16400718688965,6.84451770782471,0.612025678157806,53.5,0.790665626525879,0.0230826493352652,0.637166798114777,0.770557641983032,0.502554535865784,0.747923851013184,NA,NA,3.57020044326782,0.691362380981445,NA
"191","Nigeria",2017,5.32192802429199,8.58269119262695,0.733468532562256,49.2999992370605,0.825905561447144,0.113835752010345,0.834891974925995,0.724990546703339,0.235968768596649,0.558790743350983,-1.14248657226562,-0.944861590862274,2.94790315628052,0.553916394710541,0.468599230051041
"192","Nigeria",2018,5.25228834152222,8.57763290405273,0.740854203701019,49.7000007629395,0.7898810505867,-0.0207670368254185,0.865602672100067,0.805261850357056,0.256469875574112,0.451740950345993,NA,NA,2.63912558555603,0.502471566200256,0.448463320732117
"193","North Cyprus",2018,5.60805606842041,NA,0.837391793727875,NA,0.79706609249115,NA,0.613837003707886,0.480453103780746,0.261867821216583,0.378323644399643,NA,NA,1.80788314342499,0.322372525930405,0.200969219207764
"194","Norway",2017,7.57874488830566,11.0790615081787,0.95012766122818,73.0999984741211,0.953016817569733,0.218105062842369,0.249711379408836,0.84909999370575,0.2029138058424,0.717159748077393,1.42263913154602,2.01339387893677,1.62172603607178,0.213983461260796,0.32811313867569
"195","Norway",2018,7.44426202774048,11.0856256484985,0.965961933135986,73.1999969482422,0.960429012775421,0.0757284909486771,0.268201440572739,0.827414035797119,0.211862370371819,0.679502964019775,NA,NA,1.51959538459778,0.204129755496979,0.336649179458618
"196","Pakistan",2017,5.83087062835693,8.52411079406738,0.690263569355011,58.0999984741211,0.71265709400177,0.0300644934177399,0.71392822265625,0.586166977882385,0.308341085910797,0.557435154914856,-1.54695451259613,-0.670003950595856,1.77806794643402,0.30494037270546,0.4116450548172
"197","Pakistan",2018,5.47155380249023,8.56166362762451,0.685059487819672,58.5,0.772569119930267,0.0535215623676777,0.798841655254364,0.567294776439667,0.376706063747406,0.589388489723206,NA,NA,2.36315011978149,0.431897461414337,0.38166469335556
"198","Palestinian Territories",2017,4.62813282012939,NA,0.824345111846924,NA,0.631611287593842,NA,0.830646336078644,0.596765577793121,0.41607204079628,0.414400935173035,-1.33759236335754,-0.205540686845779,2.52167415618896,0.544857800006866,0.478864818811417
"199","Palestinian Territories",2018,4.55392169952393,NA,0.819479286670685,NA,0.654534518718719,NA,0.813779532909393,0.610405445098877,0.418928533792496,0.392373383045197,NA,NA,2.58038926124573,0.566630125045776,0.482421070337296
"200","Panama",2017,6.5676589012146,10.0108623504639,0.911904811859131,69.5,0.899573504924774,-0.160123616456985,0.840777099132538,0.832688808441162,0.242319330573082,0.390996098518372,0.455257624387741,-0.026318185031414,2.67718768119812,0.40763196349144,0.474342674016953
"201","Panama",2018,6.28143405914307,10.0497303009033,0.904389798641205,69.5999984741211,0.861448109149933,-0.122782208025455,0.836930990219116,0.883580505847931,0.222598746418953,0.277477711439133,NA,NA,2.53286123275757,0.403229773044586,0.570101618766785
"202","Paraguay",2017,5.71329545974731,9.0855712890625,0.902042508125305,65.5,0.891171455383301,0.018430408090353,0.809900760650635,0.902772128582001,0.231783673167229,0.381784081459045,0.0375476442277431,-0.604874908924103,2.42846727371216,0.42505544424057,0.447035610675812
"203","Peru",2017,5.71093654632568,9.41219520568848,0.830123364925385,67.8000030517578,0.826552152633667,-0.16386441886425,0.895384132862091,0.789390861988068,0.39387372136116,0.254595339298248,0.00847874581813812,-0.176697567105293,2.59431409835815,0.454271227121353,0.479469627141953
"204","Peru",2018,5.6796612739563,9.43434810638428,0.845301389694214,68.0999984741211,0.829641997814178,-0.188079550862312,0.90624463558197,0.808621466159821,0.380032867193222,0.202403098344803,NA,NA,2.69419550895691,0.474358469247818,0.50306099653244
"205","Philippines",2017,5.5942702293396,8.9357967376709,0.851028561592102,61.7999992370605,0.925703108310699,-0.146240323781967,0.711165547370911,0.768981456756592,0.340621501207352,0.837730050086975,-0.577247142791748,-0.233417704701424,2.5971851348877,0.464258074760437,0.503399193286896
"206","Philippines",2018,5.8691725730896,8.98570251464844,0.845803260803223,61.9000015258789,0.917808175086975,-0.113129161298275,0.726483345031738,0.772846102714539,0.393481075763702,0.802007138729095,NA,NA,2.70025777816772,0.460074692964554,0.474451541900635
"207","Poland",2017,6.20126819610596,10.211576461792,0.881854116916656,68.9000015258789,0.830842614173889,-0.127978220582008,NA,0.677435517311096,0.203387796878815,0.502480447292328,0.651249408721924,0.678492665290833,1.62744283676147,0.262437105178833,0.260087877511978
"208","Portugal",2017,5.71149921417236,10.2377033233643,0.899984836578369,72.1999969482422,0.905065655708313,-0.177407518029213,0.880970537662506,0.649151086807251,0.294272571802139,0.50108814239502,1.14347434043884,1.06178605556488,2.20508670806885,0.3860784471035,0.445528090000153
"209","Portugal",2018,5.91982269287109,10.2620124816895,0.887113273143768,72.4000015258789,0.87740421295166,-0.262738108634949,0.879727840423584,0.679104149341583,0.317994743585587,0.520630657672882,NA,NA,2.17062211036682,0.36667013168335,0.418466329574585
"210","Romania",2017,6.08990478515625,10.0567750930786,0.811240136623383,66.9000015258789,0.838586688041687,-0.161854967474937,0.925658047199249,0.733730375766754,0.230836197733879,0.298341333866119,0.287310093641281,0.167793586850166,2.1412980556488,0.351614385843277,0.412117600440979
"211","Romania",2018,6.15087890625,10.1120929718018,0.817930459976196,67.1999969482422,0.845159590244293,-0.220031842589378,0.921170175075531,0.735342502593994,0.2984539270401,0.2263513058424,NA,NA,2.19656729698181,0.357114374637604,0.348827481269836
"212","Russia",2017,5.57874298095703,10.1172246932983,0.896151304244995,63.9000015258789,0.730874240398407,-0.154709875583649,0.861590206623077,0.710230231285095,0.194560527801514,0.556597232818604,-0.88265585899353,-0.559599101543427,2.12468862533569,0.380854368209839,0.377679735422134
"213","Russia",2018,5.51350021362305,10.1323900222778,0.908726096153259,64.3000030517578,0.729282200336456,-0.156226307153702,0.865311563014984,0.673346281051636,0.198796302080154,0.455838739871979,NA,NA,2.18148136138916,0.395661801099777,0.395370572805405
"214","Rwanda",2017,3.10837388038635,7.52521467208862,0.516550004482269,60.5,0.908114850521088,0.050674844533205,0.213757216930389,0.762161076068878,0.358309626579285,0.981398344039917,-0.541283249855042,0.292252868413925,2.12873125076294,0.684837579727173,0.714647591114044
"215","Rwanda",2018,3.5610466003418,7.5675311088562,0.616172730922699,61.0999984741211,0.924231648445129,0.0571075864136219,0.163809955120087,0.793367624282837,0.308199167251587,0.988120436668396,NA,NA,2.33226990699768,0.654939472675323,0.647505581378937
"216","Saudi Arabia",2017,6.29428243637085,10.8005018234253,0.840086281299591,66,0.814142167568207,-0.149060890078545,NA,0.774875700473785,0.305841892957687,NA,-1.14816844463348,0.17742432653904,2.50892305374146,0.398603498935699,0.451889485120773
"217","Saudi Arabia",2018,6.35639333724976,10.7979717254639,0.86784839630127,66.3000030517578,0.854921519756317,-0.209563508629799,NA,0.764405488967896,0.288379907608032,NA,NA,NA,2.32445096969604,0.365687102079391,0.472084254026413
"218","Senegal",2017,4.68302488327026,7.81220817565918,0.743759334087372,59.2000007629395,0.686937034130096,-0.0310854036360979,0.82524186372757,0.745732069015503,0.290836066007614,0.610722780227661,0.135668605566025,-0.175471380352974,2.00763750076294,0.428705275058746,0.436694502830505
"219","Senegal",2018,4.7693772315979,7.85069370269775,0.73935478925705,59.5999984741211,0.629223465919495,-0.0616280660033226,0.804779469966888,0.713894128799438,0.247074723243713,0.588927924633026,NA,NA,1.96408200263977,0.411810994148254,0.393896788358688
"220","Serbia",2017,5.12203121185303,9.55029773712158,0.883770406246185,67.8000030517578,0.684846341609955,-0.0773373767733574,0.851457834243774,0.509721219539642,0.326407074928284,0.511197984218597,0.109036274254322,-0.0916153118014336,2.3945095539093,0.467492192983627,0.366129755973816
"221","Serbia",2018,5.93649339675903,9.58480358123779,0.852945327758789,68.1999969482422,0.739891827106476,-0.0985114499926567,0.863723576068878,0.558940827846527,0.29629585146904,0.476144999265671,NA,NA,2.24608850479126,0.378352731466293,0.356202870607376
"222","Sierra Leone",2017,4.08956241607666,7.23727512359619,0.652287125587463,49.2000007629395,0.710613548755646,0.08671984821558,0.848398327827454,0.600368201732635,0.495040029287338,0.737516939640045,-0.0919802039861679,-0.87541389465332,2.59525918960571,0.634605586528778,0.583586096763611
"223","Sierra Leone",2018,4.30568313598633,7.26616621017456,0.64963835477829,50.7999992370605,0.716484487056732,0.101580701768398,0.855733215808868,0.551628053188324,0.466266661882401,0.779726207256317,NA,NA,3.04808402061462,0.707921147346497,0.690721094608307
"224","Singapore",2017,6.37843799591064,11.3566856384277,0.897349894046783,76.5,0.926127851009369,0.125963225960732,0.161790683865547,0.800114393234253,0.179324552416801,0.9269979596138,0.708121538162231,2.0691704750061,1.41807222366333,0.222322806715965,0.56490957736969
"225","Singapore",2018,6.3745641708374,NA,0.902840673923492,76.8000030517578,0.916078209877014,NA,0.0965629294514656,0.787092983722687,0.106870777904987,0.89246928691864,NA,NA,1.57707643508911,0.24740144610405,0.39978763461113
"226","Slovakia",2017,6.36550903320312,10.3141107559204,0.913386642932892,68.5999984741211,0.714224696159363,-0.0665929690003395,0.920422673225403,0.788020431995392,0.212722480297089,0.341680079698563,0.908611059188843,0.606627345085144,1.89752197265625,0.298094302415848,0.29258805513382
"227","Slovakia",2018,6.23511075973511,10.3522357940674,0.922378718852997,68.9000015258789,0.757634043693542,-0.179692462086678,0.909944653511047,0.75410521030426,0.253190040588379,0.327658623456955,NA,NA,1.77506959438324,0.284689337015152,0.27458468079567
"228","Slovenia",2017,6.16683769226074,10.3545894622803,0.928187847137451,70.8000030517578,0.920862674713135,-0.027939947322011,0.828794717788696,0.61510968208313,0.285601437091827,0.239779725670815,0.949709475040436,0.896576881408691,1.98230063915253,0.321445256471634,0.359244138002396
"229","Slovenia",2018,6.24941921234131,10.3972034454346,0.940971195697784,71.0999984741211,0.942045867443085,-0.122396409511566,0.839252531528473,0.643971621990204,0.27548485994339,0.239274635910988,NA,NA,1.94657385349274,0.311480760574341,0.349004089832306
"230","South Africa",2017,4.51365518569946,9.41693782806396,0.870313286781311,56.0999984741211,0.78742790222168,-0.137357383966446,0.86478191614151,0.784800708293915,0.26817524433136,0.423274219036102,0.184953197836876,0.123070932924747,2.41956949234009,0.536055445671082,0.565037488937378
"231","South Africa",2018,4.88392210006714,9.41172409057617,0.841343998908997,56.5,0.752731323242188,-0.0590336620807648,0.841192603111267,0.812166571617126,0.282708495855331,0.524685800075531,NA,NA,2.71225476264954,0.555343568325043,0.685774683952332
"232","South Korea",2017,5.87388706207275,10.4895610809326,0.80692994594574,73.3000030517578,0.538113713264465,0.00939086731523275,0.850690424442291,0.623377561569214,0.234825626015663,0.358582198619843,0.514762043952942,0.957986533641815,2.07572960853577,0.353382617235184,0.393612235784531
"233","South Korea",2018,5.84023141860962,10.5115776062012,0.797723829746246,73.5999984741211,0.600161671638489,-0.0939658433198929,0.796825885772705,0.66120857000351,0.217145726084709,0.389084011316299,NA,NA,2.04384732246399,0.349959999322891,0.398590952157974
"234","South Sudan",2017,2.81662249565125,NA,0.556822657585144,51,0.456011086702347,NA,0.761269629001617,0.585602164268494,0.517363786697388,0.461550503969193,-2.13876938819885,-2.01849675178528,2.73683762550354,0.971673548221588,0.703007578849792
"235","Spain",2017,6.23017311096191,10.4420948028564,0.903158187866211,74.0999984741211,0.755560755729675,-0.0360333956778049,0.791268765926361,0.625055611133575,0.302387654781342,0.269585967063904,0.648078322410583,0.869333565235138,1.80572175979614,0.289834916591644,0.378949552774429
"236","Spain",2018,6.51337099075317,10.465594291687,0.910314679145813,74.4000015258789,0.722250699996948,-0.0793505981564522,0.776504456996918,0.659188032150269,0.357190847396851,0.285195618867874,NA,NA,1.66707706451416,0.255946904420853,0.359143614768982
"237","Sri Lanka",2017,4.33094549179077,9.36469745635986,0.822770595550537,67,0.827077388763428,0.0882553830742836,0.844210028648376,0.794951617717743,0.269727528095245,0.517589926719666,-0.0619032233953476,-0.169688805937767,2.23037600517273,0.514985918998718,0.427296966314316
"238","Sri Lanka",2018,4.40022325515747,9.40038776397705,0.828065395355225,67.1999969482422,0.852628171443939,0.0867624133825302,0.858016669750214,0.831292986869812,0.301279366016388,0.576130390167236,NA,NA,2.3560802936554,0.535445630550385,0.408001780509949
"239","Swaziland",2018,4.2115650177002,8.94677066802979,0.779269754886627,NA,0.709973692893982,-0.179937720298767,0.692341148853302,0.824354708194733,0.252339154481888,0.68954873085022,NA,NA,2.42609262466431,0.576054871082306,0.732568085193634
"240","Sweden",2017,7.28680467605591,10.7568235397339,0.914016783237457,72.5,0.934582114219666,0.163362830877304,0.239366918802261,0.813547790050507,0.175066828727722,0.559461951255798,1.27680206298828,1.92774713039398,1.77717685699463,0.243889734148979,0.346856117248535
"241","Sweden",2018,7.37479209899902,10.7669324874878,0.930679559707642,72.5999984741211,0.94172465801239,0.0695732533931732,0.262796580791473,0.822675704956055,0.160755425691605,0.494396239519119,NA,NA,1.60152196884155,0.217161640524864,0.381509691476822
"242","Switzerland",2017,7.47359323501587,10.9579763412476,0.949661374092102,73.8000030517578,0.924996912479401,0.175113409757614,0.316183477640152,0.773997068405151,0.195871487259865,0.819706737995148,1.38201141357422,1.96422481536865,1.54461562633514,0.206676438450813,0.295817792415619
"243","Switzerland",2018,7.50858688354492,10.9759454727173,0.930290997028351,74.0999984741211,0.926414549350739,0.0963689610362053,0.301259964704514,0.792225956916809,0.191520154476166,0.84997946023941,NA,NA,1.63963186740875,0.218367576599121,0.320724993944168
"244","Taiwan Province of China",2017,6.35945081710815,NA,0.891119122505188,NA,0.759654760360718,NA,0.742780089378357,0.837277293205261,0.114123158156872,0.322822391986847,0.951502561569214,1.18532967567444,1.86960220336914,0.293987989425659,0.381671965122223
"245","Taiwan Province of China",2018,6.46700477600098,NA,0.896458745002747,NA,0.741032779216766,NA,0.735970735549927,0.848398566246033,0.0926956459879875,0.311722934246063,NA,NA,1.69088613986969,0.261463552713394,0.330177575349808
"246","Tajikistan",2017,5.82923412322998,7.97140073776245,0.662693321704865,63.7999992370605,0.832002460956573,0.122264012694359,0.718336880207062,0.602667689323425,0.277725338935852,0.929793059825897,-1.1951756477356,-1.21636867523193,2.21285057067871,0.379612565040588,0.367954313755035
"247","Tanzania",2017,3.3471212387085,7.89480400085449,0.705010294914246,57,0.800495505332947,0.104961358010769,0.653606057167053,0.714645504951477,0.255335688591003,0.913339018821716,-0.43542292714119,-0.532890915870667,2.68366742134094,0.801783740520477,0.549375236034393
"248","Tanzania",2018,3.44502329826355,7.92891120910645,0.675330400466919,57.5,0.80714213848114,0.141756519675255,0.611534059047699,0.762089312076569,0.221005499362946,0.914648473262787,NA,NA,2.66568350791931,0.773778080940247,0.568629264831543
"249","Thailand",2017,5.9388952255249,9.69754981994629,0.877268731594086,67,0.922896802425385,0.205395460128784,0.883816778659821,0.816321790218353,0.231597617268562,0.605078816413879,-0.902155160903931,0.0459089726209641,2.24372243881226,0.377801328897476,0.513357758522034
"250","Thailand",2018,6.01156187057495,9.73482894897461,0.873052418231964,67.1999969482422,0.904828250408173,0.251650214195251,0.906596004962921,0.843489408493042,0.198190212249756,0.605364441871643,NA,NA,2.10574269294739,0.35028213262558,0.482406765222549
"251","Togo",2017,4.36080503463745,7.26529932022095,0.507805228233337,54.2999992370605,0.716694414615631,-0.0424015447497368,0.725519597530365,0.614188969135284,0.425824254751205,0.484952360391617,-0.680795550346375,-0.833462834358215,2.49483060836792,0.572103202342987,0.552189290523529
"252","Togo",2018,4.02289485931396,7.28740549087524,0.596353888511658,54.7000007629395,0.611966252326965,-0.00706292642280459,0.808537721633911,0.608448624610901,0.446454375982285,0.323221206665039,NA,NA,2.11091017723083,0.524724185466766,0.444903790950775
"253","Trinidad and Tobago",2017,6.19185972213745,10.2668476104736,0.916029036045074,63.5,0.859140455722809,-0.00483250850811601,0.911336362361908,0.846467077732086,0.248098805546761,0.272540897130966,0.420911133289337,-0.046981118619442,2.27667689323425,0.367688715457916,0.415465384721756
"254","Tunisia",2017,4.124342918396,9.29185581207275,0.717381596565247,66.5999984741211,0.477956652641296,-0.230909779667854,0.868826746940613,0.420961886644363,0.377196848392487,0.250827312469482,-0.436561465263367,-0.128948360681534,2.2148175239563,0.537011027336121,0.41451433300972
"255","Tunisia",2018,4.7411322593689,9.30447387695312,0.732953548431396,66.9000015258789,0.649680078029633,-0.203248903155327,0.840116620063782,0.59172660112381,0.365014284849167,0.349490463733673,NA,NA,2.17997884750366,0.459801316261292,0.431391298770905
"256","Turkey",2017,5.607262134552,10.1317911148071,0.876467823982239,66.4000015258789,0.644434213638306,-0.242938563227654,0.670910537242889,0.449800908565521,0.312846124172211,0.586161255836487,-1.25201618671417,-0.0843498036265373,1.62632858753204,0.29003968834877,0.326897621154785
"257","Turkey",2018,5.1856894493103,10.1489171981812,0.84702730178833,66.8000030517578,0.528629064559937,-0.181653723120689,0.804878532886505,0.434654295444489,0.350773096084595,0.513677060604095,NA,NA,2.14615201950073,0.413860499858856,0.362623959779739
"258","Turkmenistan",2017,5.22914886474609,9.70436668395996,0.908454895019531,61.7999992370605,0.72039920091629,0.0438731797039509,NA,0.520885109901428,0.349627673625946,NA,-1.15355396270752,-1.54598093032837,1.43217813968658,0.273883610963821,0.265776634216309
"259","Turkmenistan",2018,4.62060165405273,9.74946403503418,0.984488964080811,62.2000007629395,0.857774078845978,0.237279802560806,NA,0.612210273742676,0.189024537801743,NA,NA,NA,1.19847655296326,0.259376734495163,0.271069973707199
"260","Uganda",2017,4.00051689147949,7.43703365325928,0.739956140518188,55.2999992370605,0.77234411239624,0.0690517872571945,0.815770030021667,0.703375637531281,0.400025725364685,0.655109107494354,-0.575335741043091,-0.53523713350296,2.67337942123413,0.668258488178253,0.6406369805336
"261","Uganda",2018,4.32171487808228,7.45870923995972,0.739841043949127,55.7000007629395,0.728512763977051,0.0882413685321808,0.856106221675873,0.685168504714966,0.390319228172302,0.503853440284729,NA,NA,3.03391194343567,0.70201575756073,0.655502676963806
"262","Ukraine",2017,4.3110671043396,8.97390842437744,0.858324885368347,64.3000030517578,0.598875522613525,0.0171363689005375,0.936764001846313,0.59711217880249,0.234763830900192,0.110936529934406,-0.93636029958725,-0.568998098373413,2.25538349151611,0.523161292076111,0.42114594578743
"263","Ukraine",2018,4.66190910339355,9.0120267868042,0.900936722755432,64.5999984741211,0.663055062294006,-0.0550419613718987,0.942960739135742,0.608771085739136,0.221851482987404,0.0797100588679314,NA,NA,2.11156249046326,0.452939450740814,0.349749237298965
"264","United Arab Emirates",2017,7.03941965103149,11.1168184280396,0.835527360439301,66.9000015258789,0.962016642093658,0.199402540922165,NA,0.795034885406494,0.207598447799683,NA,-0.234493166208267,1.08554744720459,2.0300407409668,0.288381844758987,0.600683748722076
"265","United Arab Emirates",2018,6.60374355316162,11.1276779174805,0.851041316986084,67.0999984741211,0.943664371967316,0.0364942252635956,NA,0.787243485450745,0.302041828632355,NA,NA,NA,2.21476197242737,0.335379779338837,0.721078634262085
"266","United Kingdom",2017,7.10327339172363,10.590446472168,0.937495291233063,72.0999984741211,0.812733292579651,0.286916464567184,0.418611347675323,0.758571803569794,0.209572419524193,0.440120846033096,0.79751443862915,1.66287243366241,1.61545026302338,0.22742335498333,0.372231811285019
"267","United Kingdom",2018,7.2334451675415,10.5969476699829,0.928483903408051,72.3000030517578,0.837508380413055,0.221998140215874,0.404276013374329,0.783171832561493,0.228275611996651,0.42085987329483,NA,NA,1.69895005226135,0.2348742634058,0.417473196983337
"268","United States",2017,6.99175930023193,10.9009056091309,0.921002864837646,68.4000015258789,0.868496716022491,0.188832819461823,0.681191265583038,0.82655531167984,0.268269062042236,0.38653501868248,0.677055537700653,1.5521354675293,1.88068795204163,0.268986374139786,0.610804378986359
"269","United States",2018,6.8826847076416,10.9224653244019,0.903856039047241,68.3000030517578,0.824606657028198,0.107713386416435,0.709928274154663,0.815382599830627,0.292226254940033,0.313816100358963,NA,NA,2.11937403678894,0.307928383350372,0.701417922973633
"270","Uruguay",2017,6.33600997924805,9.93068504333496,0.913801670074463,68.9000015258789,0.897851645946503,-0.101414754986763,0.626581966876984,0.835861265659332,0.280323356389999,0.413032114505768,1.1146354675293,0.737920343875885,2.28859877586365,0.361205041408539,0.399903923273087
"271","Uruguay",2018,6.37171459197998,9.95966148376465,0.917315602302551,69,0.876210927963257,-0.108451418578625,0.682916045188904,0.876920342445374,0.274945586919785,0.361706048250198,NA,NA,2.21717238426208,0.347971081733704,0.437541782855988
"272","Uzbekistan",2017,6.42144775390625,8.7408332824707,0.942131102085114,64.8000030517578,0.985177755355835,0.116510666906834,0.464641600847244,0.838989078998566,0.202737495303154,0.964690446853638,-1.03715515136719,-1.02081418037415,2.36768889427185,0.368715733289719,0.445986151695251
"273","Uzbekistan",2018,6.20546007156372,8.77336502075195,0.920821011066437,65.0999984741211,0.969897985458374,0.311694622039795,0.520360112190247,0.825421571731567,0.208660304546356,0.9693563580513,NA,NA,2.42643785476685,0.391016602516174,0.384973526000977
"274","Venezuela",2017,5.07075071334839,9.43929576873779,0.895879328250885,66.3000030517578,0.635505020618439,-0.206034779548645,0.843969225883484,0.725642740726471,0.362984865903854,0.241123601794243,-1.19552969932556,-1.74419856071472,2.91296601295471,0.574464440345764,0.563206851482391
"275","Venezuela",2018,5.00566339492798,9.2702808380127,0.886882066726685,66.5,0.610855221748352,-0.176155596971512,0.827560007572174,0.759221494197845,0.373657613992691,0.260699689388275,NA,NA,2.89193034172058,0.577731668949127,NA
"276","Vietnam",2017,5.17527866363525,8.72775936126709,NA,67.6999969482422,NA,NA,NA,NA,NA,NA,-0.548212826251984,-0.227276965975761,1.75083601474762,0.338307589292526,0.466430068016052
"277","Vietnam",2018,5.2955470085144,8.78341579437256,0.831945240497589,67.9000015258789,0.909259796142578,-0.0391237027943134,0.808422982692719,0.692222416400909,0.191061362624168,NA,NA,NA,1.67644846439362,0.316577017307281,0.415666252374649
"278","Yemen",2017,3.25356006622314,NA,0.789555013179779,55.9000015258789,0.595190763473511,NA,NA,0.455181896686554,0.295063585042953,0.247786983847618,-2.32656192779541,-1.67878925800323,2.17854404449463,0.669587790966034,0.374521881341934
"279","Yemen",2018,3.05751395225525,NA,0.789421916007996,56.7000007629395,0.552726089954376,NA,0.792586863040924,0.461113780736923,0.314869940280914,0.308151185512543,NA,NA,2.40200757980347,0.785608053207397,0.448596566915512
"280","Zambia",2017,3.93277740478516,8.21317863464355,0.743753910064697,54.7999992370605,0.823168575763702,0.128904432058334,0.739540636539459,0.684623301029205,0.387188881635666,0.717004060745239,-0.114061392843723,-0.488385230302811,2.65028309822083,0.673896014690399,0.612799227237701
"281","Zambia",2018,4.04148817062378,8.22395801544189,0.71772038936615,55.2999992370605,0.790625929832458,0.0366443395614624,0.810731291770935,0.702697575092316,0.350962847471237,0.606715261936188,NA,NA,2.78341865539551,0.68871134519577,0.61944305896759
"282","Zimbabwe",2017,3.63830018043518,7.5494909286499,0.754147052764893,55,0.75282609462738,-0.0696697980165482,0.751208007335663,0.806428372859955,0.224051341414452,0.682646691799164,-0.988153278827667,-1.35086679458618,2.65684795379639,0.730244278907776,0.581483781337738
"283","Zimbabwe",2018,3.61647987365723,7.55339479446411,0.775388479232788,55.5999984741211,0.762674868106842,-0.0383835807442665,0.844208657741547,0.710118651390076,0.211725845932961,0.550507783889771,NA,NA,2.49869561195374,0.690919280052185,0.541771829128265
