Symbol,Date,Time,Open Time,Open Bid Price,Open Bid Size,Open Ask Price,Open Ask Size,High Bid Time,High Bid Price,High Bid Size,Ask Price at High Bid,Ask Size at High Bid,Low Ask Time,Bid Price at Low Ask,Bid Size at Low Ask,Low Ask Price,Low Ask Size,Close Time,Close Bid Price,Close Bid Size,Close Ask Price,Close Ask Size,Max. Spread,Min. Spread,NBBO Count
GLP,03/03/2014,09:31,09:30:00.090,37.67,1,39.22,7,09:30:01.363,38.26,12,39.18,1,09:30:01.422,38.26,12,38.5,10,09:30:51.576,38.26,1,38.5,10,1.55,0.24,6
GLP,03/03/2014,09:32,09:31:03.934,38.26,1,38.49,1,09:31:47.153,38.27,1,38.49,1,09:31:03.934,38.26,1,38.49,1,09:31:47.153,38.27,1,38.49,1,0.23,0.22,4
GLP,03/03/2014,09:33,09:32:01.357,38.27,1,38.48,1,09:32:01.357,38.27,1,38.48,1,09:32:01.357,38.27,1,38.48,1,09:32:58.229,38.27,1,38.48,1,0.22,0.21,5
GLP,03/03/2014,09:34,09:33:02.489,38.27,1,38.47,1,09:33:31.198,38.28,1,38.46,1,09:33:02.530,38.27,1,38.46,1,09:33:33.343,38.28,1,38.46,2,0.20,0.18,5
GLP,03/03/2014,09:35,09:34:07.463,38.28,1,38.45,1,09:34:27.348,38.29,1,38.44,1,09:34:13.235,38.28,1,38.44,1,09:34:52.163,38.29,1,38.44,1,0.17,0.15,6
GLP,03/03/2014,09:36,09:35:04.543,38.29,1,38.5,11,09:35:04.543,38.29,1,38.5,11,09:35:04.543,38.29,1,38.5,11,09:35:09.275,38.29,1,38.5,12,0.21,0.21,2
GLP,03/03/2014,09:37,09:36:05.014,38.29,1,38.49,1,09:36:05.014,38.29,1,38.49,1,09:36:58.917,38.29,1,38.46,1,09:36:58.917,38.29,1,38.46,1,0.20,0.17,4
GLP,03/03/2014,09:38,09:37:18.056,38.29,1,38.46,1,09:37:40.938,38.3,1,38.46,2,09:37:58.134,38.3,1,38.44,1,09:37:58.134,38.3,1,38.44,1,0.20,0.14,8
GLP,03/03/2014,09:39,09:38:18.209,38.31,1,38.44,1,09:38:18.209,38.31,1,38.44,1,09:38:18.209,38.31,1,38.44,1,09:38:57.772,38.31,1,38.5,12,0.19,0.13,5
GLP,03/03/2014,09:40,09:39:45.892,38.31,2,38.5,12,09:39:45.892,38.31,2,38.5,12,09:39:56.789,38.31,2,38.48,1,09:39:56.789,38.31,2,38.48,1,0.19,0.17,3
GLP,03/03/2014,09:41,09:40:47.282,38.31,1,38.48,1,09:40:56.359,38.32,1,38.48,1,09:40:47.282,38.31,1,38.48,1,09:40:56.359,38.32,1,38.48,1,0.17,0.16,2
GLP,03/03/2014,09:42,09:41:01.814,38.32,1,38.47,1,09:41:50.686,38.34,1,38.46,1,09:41:06.115,38.32,1,38.46,1,09:41:50.686,38.34,1,38.46,1,0.26,0.12,9
GLP,03/03/2014,09:43,09:42:01.773,38.34,1,38.5,11,09:42:01.773,38.34,1,38.5,11,09:42:01.773,38.34,1,38.5,11,09:42:06.259,38.21,1,38.5,12,0.30,0.16,5
GLP,03/03/2014,09:44,09:43:01.785,38.21,1,38.49,1,09:43:01.785,38.21,1,38.49,1,09:43:01.817,38.21,1,38.48,1,09:43:05.183,38.21,1,38.48,1,0.28,0.27,4
GLP,03/03/2014,09:45,09:44:02.151,38.2,2,38.48,1,09:44:07.354,38.21,1,38.46,1,09:44:04.977,38.2,2,38.46,1,09:44:07.354,38.21,1,38.46,1,0.28,0.25,4
GLP,03/03/2014,09:46,09:45:09.089,38.21,1,38.45,1,09:45:09.089,38.21,1,38.45,1,09:45:09.121,38.2,2,38.44,1,09:45:11.075,38.21,1,38.44,1,0.25,0.23,4
GLP,03/03/2014,09:47,09:46:03.787,38.21,1,38.43,1,09:46:03.787,38.21,1,38.43,1,09:46:03.822,38.2,2,38.42,1,09:46:56.711,38.2,2,38.42,2,0.23,0.21,6
GLP,03/03/2014,09:48,09:47:00.273,38.21,1,38.42,2,09:47:00.273,38.21,1,38.42,2,09:47:06.105,38.21,1,38.4,1,09:47:37.126,38.21,1,38.4,2,0.29,0.19,8
GLP,03/03/2014,09:49,09:48:03.623,38.21,1,38.4,1,09:48:03.623,38.21,1,38.4,1,09:48:10.103,38.21,1,38.38,1,09:48:41.265,38.21,1,38.38,2,0.29,0.17,7
GLP,03/03/2014,09:50,09:49:01.491,38.21,1,38.38,1,09:49:01.491,38.21,1,38.38,1,09:49:01.583,38.21,1,38.36,1,09:49:30.623,38.21,1,38.36,1,0.29,0.15,8
GLP,03/03/2014,09:51,09:50:01.050,38.21,1,38.36,2,09:50:01.050,38.21,1,38.36,2,09:50:01.050,38.21,1,38.36,2,09:50:59.714,38.21,1,38.48,2,0.29,0.15,6
GLP,03/03/2014,09:52,09:51:27.219,38.2,2,38.48,2,09:51:58.157,38.21,1,38.48,2,09:51:27.219,38.2,2,38.48,2,09:51:58.157,38.21,1,38.48,2,0.28,0.27,2
GLP,03/03/2014,09:53,09:52:02.713,38.21,1,38.47,1,09:52:27.966,38.29,1,38.46,1,09:52:59.975,38.29,1,38.44,1,09:52:59.975,38.29,1,38.44,1,0.26,0.15,6
GLP,03/03/2014,09:54,09:53:28.103,38.28,1,38.44,1,09:53:40.409,38.29,1,38.44,2,09:53:28.103,38.28,1,38.44,1,09:53:59.832,38.24,1,38.44,2,0.20,0.15,4
GLP,03/03/2014,09:55,09:54:03.676,38.24,1,38.43,1,09:54:03.676,38.24,1,38.43,1,09:54:03.681,38.24,1,38.42,1,09:54:04.333,38.2,2,38.42,1,0.22,0.18,3
GLP,03/03/2014,09:56,09:55:02.634,38.2,2,38.41,1,09:55:02.634,38.2,2,38.41,1,09:55:02.660,38.2,2,38.4,1,09:55:33.192,38.2,2,38.4,2,0.21,0.20,3
GLP,03/03/2014,09:57,09:56:04.580,38.2,2,38.39,1,09:56:04.580,38.2,2,38.39,1,09:56:04.594,38.2,2,38.38,1,09:56:04.594,38.2,2,38.38,1,0.19,0.18,2
GLP,03/03/2014,09:58,09:57:08.574,38.2,2,38.37,1,09:57:08.574,38.2,2,38.37,1,09:57:08.586,38.2,2,38.36,1,09:57:08.586,38.2,2,38.36,1,0.17,0.16,2
GLP,03/03/2014,09:59,09:58:41.360,38.2,2,38.36,2,09:58:41.360,38.2,2,38.36,2,09:58:41.360,38.2,2,38.36,2,09:58:41.360,38.2,2,38.36,2,0.16,0.16,1
GLP,03/03/2014,10:00,09:59:03.415,38.2,2,38.36,1,09:59:03.426,38.21,1,38.46,1,09:59:03.576,38.21,1,38.35,1,09:59:40.058,38.21,2,38.46,1,0.30,0.14,8
GLP,03/03/2014,10:02,10:01:20.050,38.21,1,38.46,1,10:01:20.050,38.21,1,38.46,1,10:01:20.050,38.21,1,38.46,1,10:01:20.636,38.21,1,38.5,11,0.29,0.25,2
GLP,03/03/2014,10:03,10:02:10.700,38.21,1,38.49,1,10:02:10.700,38.21,1,38.49,1,10:02:10.700,38.21,1,38.49,1,10:02:10.700,38.21,1,38.49,1,0.28,0.28,1
GLP,03/03/2014,10:05,10:04:03.553,38.21,1,38.49,1,10:04:03.553,38.21,1,38.49,1,10:04:03.553,38.21,1,38.49,1,10:04:04.268,38.21,1,38.49,1,0.28,0.28,2
GLP,03/03/2014,10:12,10:11:18.499,38.21,1,38.4,1,10:11:18.499,38.21,1,38.4,1,10:11:18.499,38.21,1,38.4,1,10:11:18.499,38.21,1,38.4,1,0.19,0.19,1
GLP,03/03/2014,10:14,10:13:04.719,38.21,1,38.39,1,10:13:04.719,38.21,1,38.39,1,10:13:04.719,38.21,1,38.39,1,10:13:04.719,38.21,1,38.39,1,0.18,0.18,1
GLP,03/03/2014,10:17,10:16:01.743,38.21,1,38.39,1,10:16:01.743,38.21,1,38.39,1,10:16:01.743,38.21,1,38.39,1,10:16:01.743,38.21,1,38.39,1,0.18,0.18,1
GLP,03/03/2014,10:18,10:17:03.524,38.21,1,38.38,1,10:17:03.524,38.21,1,38.38,1,10:17:03.524,38.21,1,38.38,1,10:17:03.524,38.21,1,38.38,1,0.17,0.17,1
GLP,03/03/2014,10:19,10:18:07.574,38.21,1,38.38,1,10:18:07.574,38.21,1,38.38,1,10:18:07.574,38.21,1,38.38,1,10:18:07.574,38.21,1,38.38,1,0.17,0.17,1
GLP,03/03/2014,10:24,10:23:10.224,38.21,1,38.5,11,10:23:10.224,38.21,1,38.5,11,10:23:10.224,38.21,1,38.5,11,10:23:10.224,38.21,1,38.5,11,0.29,0.29,1
GLP,03/03/2014,10:25,10:24:02.532,38.21,1,38.49,1,10:24:02.532,38.21,1,38.49,1,10:24:02.532,38.21,1,38.49,1,10:24:02.532,38.21,1,38.49,1,0.28,0.28,1
GLP,03/03/2014,10:28,10:27:13.571,38.21,1,38.5,11,10:27:13.571,38.21,1,38.5,11,10:27:13.571,38.21,1,38.5,11,10:27:13.571,38.21,1,38.5,11,0.29,0.29,1
GLP,03/03/2014,10:29,10:28:16.567,38.21,1,38.49,1,10:28:16.567,38.21,1,38.49,1,10:28:16.567,38.21,1,38.49,1,10:28:16.567,38.21,1,38.49,1,0.28,0.28,1
GLP,03/03/2014,10:30,10:29:12.500,38.21,1,38.5,11,10:29:12.500,38.21,1,38.5,11,10:29:12.500,38.21,1,38.5,11,10:29:12.500,38.21,1,38.5,11,0.29,0.29,1
GLP,03/03/2014,10:31,10:30:14.599,38.21,1,38.49,1,10:30:14.599,38.21,1,38.49,1,10:30:14.599,38.21,1,38.49,1,10:30:14.599,38.21,1,38.49,1,0.28,0.28,1
GLP,03/03/2014,10:32,10:31:16.508,38.21,1,38.5,11,10:31:16.508,38.21,1,38.5,11,10:31:16.508,38.21,1,38.5,11,10:31:16.508,38.21,1,38.5,11,0.29,0.29,1
GLP,03/03/2014,10:33,10:32:20.523,38.21,1,38.49,1,10:32:20.523,38.21,1,38.49,1,10:32:20.523,38.21,1,38.49,1,10:32:20.523,38.21,1,38.49,1,0.28,0.28,1
GLP,03/03/2014,10:34,10:33:21.455,38.21,1,38.5,11,10:33:21.455,38.21,1,38.5,11,10:33:21.455,38.21,1,38.5,11,10:33:21.455,38.21,1,38.5,11,0.29,0.29,1
GLP,03/03/2014,10:35,10:34:21.484,38.21,1,38.49,1,10:34:21.484,38.21,1,38.49,1,10:34:21.484,38.21,1,38.49,1,10:34:21.484,38.21,1,38.49,1,0.28,0.28,1
GLP,03/03/2014,10:36,10:35:17.639,38.21,1,38.5,11,10:35:17.639,38.21,1,38.5,11,10:35:17.639,38.21,1,38.5,11,10:35:17.639,38.21,1,38.5,11,0.29,0.29,1
GLP,03/03/2014,10:37,10:36:20.561,38.21,1,38.49,1,10:36:20.561,38.21,1,38.49,1,10:36:20.561,38.21,1,38.49,1,10:36:20.561,38.21,1,38.49,1,0.28,0.28,1
GLP,03/03/2014,10:39,10:38:18.489,38.21,1,38.5,11,10:38:18.489,38.21,1,38.5,11,10:38:18.489,38.21,1,38.5,11,10:38:18.489,38.21,1,38.5,11,0.29,0.29,1
GLP,03/03/2014,10:40,10:39:17.535,38.21,1,38.49,1,10:39:17.535,38.21,1,38.49,1,10:39:17.535,38.21,1,38.49,1,10:39:17.535,38.21,1,38.49,1,0.28,0.28,1
GLP,03/03/2014,10:41,10:40:22.523,38.21,1,38.49,1,10:40:22.523,38.21,1,38.49,1,10:40:57.057,38.21,1,38.48,1,10:40:57.057,38.21,1,38.48,1,0.28,0.27,2
GLP,03/03/2014,10:42,10:41:18.512,38.21,1,38.47,1,10:41:18.512,38.21,1,38.47,1,10:41:32.962,38.21,1,38.46,1,10:41:32.962,38.21,1,38.46,1,0.26,0.25,2
GLP,03/03/2014,10:44,10:43:57.499,38.21,1,38.46,1,10:43:57.499,38.21,1,38.46,1,10:43:58.839,38.21,1,38.45,1,10:43:58.839,38.21,1,38.45,1,0.25,0.24,2
GLP,03/03/2014,10:45,10:44:12.556,38.21,1,38.44,1,10:44:12.556,38.21,1,38.44,1,10:44:35.722,38.21,1,38.43,1,10:44:35.722,38.21,1,38.43,1,0.23,0.22,2
GLP,03/03/2014,10:48,10:47:10.503,38.21,1,38.42,1,10:47:10.503,38.21,1,38.42,1,10:47:10.503,38.21,1,38.42,1,10:47:10.503,38.21,1,38.42,1,0.21,0.21,1
GLP,03/03/2014,10:49,10:48:08.465,38.21,1,38.43,1,10:48:08.465,38.21,1,38.43,1,10:48:08.465,38.21,1,38.43,1,10:48:14.948,38.21,1,38.49,1,0.29,0.22,3
GLP,03/03/2014,10:50,10:49:10.530,38.21,1,38.48,1,10:49:10.530,38.21,1,38.48,1,10:49:10.530,38.21,1,38.48,1,10:49:10.530,38.21,1,38.48,1,0.27,0.27,1
GLP,03/03/2014,10:58,10:57:56.963,38.21,1,38.47,1,10:57:56.963,38.21,1,38.47,1,10:57:56.963,38.21,1,38.47,1,10:57:56.963,38.21,1,38.47,1,0.26,0.26,1
GLP,03/03/2014,10:59,10:58:17.465,38.21,1,38.46,1,10:58:17.465,38.21,1,38.46,1,10:58:38.653,38.21,1,38.45,1,10:58:38.653,38.21,1,38.45,1,0.25,0.24,2
GLP,03/03/2014,11:04,11:03:19.426,38.21,1,38.44,1,11:03:19.426,38.21,1,38.44,1,11:03:19.426,38.21,1,38.44,1,11:03:19.426,38.21,1,38.44,1,0.23,0.23,1
GLP,03/03/2014,11:05,11:04:24.459,38.21,1,38.44,1,11:04:24.459,38.21,1,38.44,1,11:04:24.459,38.21,1,38.44,1,11:04:24.459,38.21,1,38.44,1,0.23,0.23,1
GLP,03/03/2014,11:07,11:06:26.605,38.21,1,38.43,1,11:06:26.605,38.21,1,38.43,1,11:06:26.605,38.21,1,38.43,1,11:06:26.605,38.21,1,38.43,1,0.22,0.22,1
GLP,03/03/2014,11:08,11:07:26.621,38.21,1,38.43,1,11:07:26.621,38.21,1,38.43,1,11:07:26.621,38.21,1,38.43,1,11:07:26.621,38.21,1,38.43,1,0.22,0.22,1
GLP,03/03/2014,11:09,11:08:02.649,38.21,2,38.43,1,11:08:02.649,38.21,2,38.43,1,11:08:21.606,38.21,2,38.42,1,11:08:21.606,38.21,2,38.42,1,0.22,0.21,2
GLP,03/03/2014,11:10,11:09:18.510,38.21,2,38.42,1,11:09:18.510,38.21,2,38.42,1,11:09:18.510,38.21,2,38.42,1,11:09:18.510,38.21,2,38.42,1,0.21,0.21,1
GLP,03/03/2014,11:12,11:11:19.512,38.21,2,38.41,1,11:11:19.512,38.21,2,38.41,1,11:11:19.512,38.21,2,38.41,1,11:11:19.512,38.21,2,38.41,1,0.20,0.20,1
GLP,03/03/2014,11:13,11:12:14.483,38.21,2,38.41,1,11:12:14.483,38.21,2,38.41,1,11:12:22.393,38.21,2,38.4,1,11:12:23.478,38.21,2,38.4,2,0.20,0.19,3
GLP,03/03/2014,11:20,11:19:17.480,38.21,2,38.4,1,11:19:17.480,38.21,2,38.4,1,11:19:17.480,38.21,2,38.4,1,11:19:28.419,38.21,2,38.48,1,0.29,0.19,4
GLP,03/03/2014,11:25,11:24:40.465,38.21,2,38.48,1,11:24:40.465,38.21,2,38.48,1,11:24:40.465,38.21,2,38.48,1,11:24:40.465,38.21,2,38.48,1,0.27,0.27,1
GLP,03/03/2014,11:28,11:27:36.464,38.21,2,38.47,1,11:27:36.464,38.21,2,38.47,1,11:27:36.464,38.21,2,38.47,1,11:27:36.464,38.21,2,38.47,1,0.26,0.26,1
GLP,03/03/2014,11:29,11:28:40.500,38.21,2,38.48,1,11:28:40.500,38.21,2,38.48,1,11:28:40.500,38.21,2,38.48,1,11:28:40.500,38.21,2,38.48,1,0.27,0.27,1
GLP,03/03/2014,11:30,11:29:42.475,38.21,2,38.47,1,11:29:42.475,38.21,2,38.47,1,11:29:42.475,38.21,2,38.47,1,11:29:42.475,38.21,2,38.47,1,0.26,0.26,1
GLP,03/03/2014,11:31,11:30:37.565,38.21,2,38.48,1,11:30:37.565,38.21,2,38.48,1,11:30:37.565,38.21,2,38.48,1,11:30:37.565,38.21,2,38.48,1,0.27,0.27,1
GLP,03/03/2014,11:32,11:31:37.549,38.21,2,38.47,1,11:31:37.549,38.21,2,38.47,1,11:31:37.549,38.21,2,38.47,1,11:31:37.549,38.21,2,38.47,1,0.26,0.26,1
GLP,03/03/2014,11:33,11:32:42.448,38.21,2,38.48,1,11:32:42.448,38.21,2,38.48,1,11:32:42.448,38.21,2,38.48,1,11:32:42.448,38.21,2,38.48,1,0.27,0.27,1
GLP,03/03/2014,11:34,11:33:40.539,38.21,2,38.47,1,11:33:40.539,38.21,2,38.47,1,11:33:40.539,38.21,2,38.47,1,11:33:40.539,38.21,2,38.47,1,0.26,0.26,1
GLP,03/03/2014,11:35,11:34:40.420,38.21,2,38.48,1,11:34:40.420,38.21,2,38.48,1,11:34:40.420,38.21,2,38.48,1,11:34:40.420,38.21,2,38.48,1,0.27,0.27,1
GLP,03/03/2014,11:36,11:35:44.544,38.21,2,38.47,1,11:35:44.544,38.21,2,38.47,1,11:35:48.439,38.21,2,38.46,1,11:35:48.439,38.21,2,38.46,1,0.26,0.25,2
GLP,03/03/2014,11:37,11:36:44.528,38.21,2,38.45,1,11:36:44.528,38.21,2,38.45,1,11:36:44.528,38.21,2,38.45,1,11:36:44.528,38.21,2,38.45,1,0.24,0.24,1
GLP,03/03/2014,11:38,11:37:39.485,38.21,2,38.46,1,11:37:39.485,38.21,2,38.46,1,11:37:39.485,38.21,2,38.46,1,11:37:39.485,38.21,2,38.46,1,0.25,0.25,1
GLP,03/03/2014,11:47,11:46:21.524,38.21,2,38.45,1,11:46:21.524,38.21,2,38.45,1,11:46:21.524,38.21,2,38.45,1,11:46:21.524,38.21,2,38.45,1,0.24,0.24,1
GLP,03/03/2014,11:48,11:47:25.415,38.21,2,38.46,1,11:47:25.415,38.21,2,38.46,1,11:47:25.415,38.21,2,38.46,1,11:47:25.415,38.21,2,38.46,1,0.25,0.25,1
GLP,03/03/2014,11:49,11:48:29.411,38.21,2,38.45,1,11:48:29.411,38.21,2,38.45,1,11:48:29.411,38.21,2,38.45,1,11:48:29.411,38.21,2,38.45,1,0.24,0.24,1
GLP,03/03/2014,11:50,11:49:32.425,38.21,2,38.46,1,11:49:32.425,38.21,2,38.46,1,11:49:32.425,38.21,2,38.46,1,11:49:32.425,38.21,2,38.46,1,0.25,0.25,1
GLP,03/03/2014,11:51,11:50:35.620,38.21,2,38.45,1,11:50:35.620,38.21,2,38.45,1,11:50:35.620,38.21,2,38.45,1,11:50:35.620,38.21,2,38.45,1,0.24,0.24,1
GLP,03/03/2014,11:52,11:51:11.307,38.22,1,38.45,1,11:51:12.947,38.23,1,38.45,1,11:51:11.307,38.22,1,38.45,1,11:51:35.618,38.23,1,38.46,1,0.23,0.22,5
GLP,03/03/2014,11:53,11:52:30.490,38.23,1,38.45,1,11:52:30.490,38.23,1,38.45,1,11:52:30.490,38.23,1,38.45,1,11:52:30.490,38.23,1,38.45,1,0.22,0.22,1
GLP,03/03/2014,11:54,11:53:29.483,38.23,1,38.46,1,11:53:29.483,38.23,1,38.46,1,11:53:29.483,38.23,1,38.46,1,11:53:29.483,38.23,1,38.46,1,0.23,0.23,1
GLP,03/03/2014,11:57,11:56:38.531,38.23,1,38.45,1,11:56:38.531,38.23,1,38.45,1,11:56:38.531,38.23,1,38.45,1,11:56:38.531,38.23,1,38.45,1,0.22,0.22,1
GLP,03/03/2014,11:58,11:57:37.516,38.23,1,38.46,1,11:57:37.516,38.23,1,38.46,1,11:57:37.516,38.23,1,38.46,1,11:57:37.516,38.23,1,38.46,1,0.23,0.23,1
GLP,03/03/2014,11:59,11:58:39.490,38.23,1,38.45,1,11:58:39.490,38.23,1,38.45,1,11:58:39.490,38.23,1,38.45,1,11:58:39.490,38.23,1,38.45,1,0.22,0.22,1
GLP,03/03/2014,12:00,11:59:38.508,38.23,1,38.46,1,11:59:38.508,38.23,1,38.46,1,11:59:38.508,38.23,1,38.46,1,11:59:38.508,38.23,1,38.46,1,0.23,0.23,1
GLP,03/03/2014,12:01,12:00:34.531,38.23,1,38.45,1,12:00:34.531,38.23,1,38.45,1,12:00:34.531,38.23,1,38.45,1,12:00:34.531,38.23,1,38.45,1,0.22,0.22,1
GLP,03/03/2014,12:02,12:01:30.459,38.23,1,38.46,1,12:01:30.459,38.23,1,38.46,1,12:01:30.459,38.23,1,38.46,1,12:01:30.459,38.23,1,38.46,1,0.23,0.23,1
GLP,03/03/2014,12:03,12:02:33.455,38.23,1,38.45,1,12:02:33.455,38.23,1,38.45,1,12:02:33.455,38.23,1,38.45,1,12:02:33.455,38.23,1,38.45,1,0.22,0.22,1
GLP,03/03/2014,12:04,12:03:28.432,38.23,1,38.46,1,12:03:28.432,38.23,1,38.46,1,12:03:28.432,38.23,1,38.46,1,12:03:28.432,38.23,1,38.46,1,0.23,0.23,1
GLP,03/03/2014,12:05,12:04:26.428,38.23,1,38.45,1,12:04:26.428,38.23,1,38.45,1,12:04:26.428,38.23,1,38.45,1,12:04:26.428,38.23,1,38.45,1,0.22,0.22,1
GLP,03/03/2014,12:06,12:05:25.472,38.23,1,38.46,1,12:05:25.472,38.23,1,38.46,1,12:05:25.472,38.23,1,38.46,1,12:05:25.472,38.23,1,38.46,1,0.23,0.23,1
GLP,03/03/2014,12:07,12:06:24.639,38.23,1,38.45,1,12:06:24.639,38.23,1,38.45,1,12:06:24.639,38.23,1,38.45,1,12:06:24.639,38.23,1,38.45,1,0.22,0.22,1
GLP,03/03/2014,12:08,12:07:21.538,38.23,1,38.46,1,12:07:21.538,38.23,1,38.46,1,12:07:21.538,38.23,1,38.46,1,12:07:21.538,38.23,1,38.46,1,0.23,0.23,1
GLP,03/03/2014,12:09,12:08:23.453,38.23,1,38.45,1,12:08:23.462,38.24,1,38.45,1,12:08:23.453,38.23,1,38.45,1,12:08:23.462,38.24,1,38.45,1,0.22,0.21,2
GLP,03/03/2014,12:10,12:09:18.481,38.24,1,38.46,1,12:09:18.481,38.24,1,38.46,1,12:09:18.481,38.24,1,38.46,1,12:09:18.481,38.24,1,38.46,1,0.22,0.22,1
GLP,03/03/2014,12:11,12:10:07.615,38.24,1,38.5,11,12:10:07.615,38.24,1,38.5,11,12:10:17.514,38.24,1,38.49,1,12:10:17.514,38.24,1,38.49,1,0.26,0.25,2
GLP,03/03/2014,12:14,12:13:23.640,38.24,1,38.5,11,12:13:23.640,38.24,1,38.5,11,12:13:23.641,38.24,1,38.49,1,12:13:23.641,38.24,1,38.49,1,0.26,0.25,2
GLP,03/03/2014,12:15,12:14:24.575,38.24,1,38.5,11,12:14:24.575,38.24,1,38.5,11,12:14:24.575,38.24,1,38.5,11,12:14:24.575,38.24,1,38.5,11,0.26,0.26,1
GLP,03/03/2014,12:16,12:15:26.681,38.24,1,38.49,1,12:15:26.681,38.24,1,38.49,1,12:15:26.681,38.24,1,38.49,1,12:15:26.681,38.24,1,38.49,1,0.25,0.25,1
GLP,03/03/2014,12:17,12:16:29.506,38.24,1,38.5,11,12:16:29.506,38.24,1,38.5,11,12:16:29.506,38.24,1,38.5,11,12:16:29.506,38.24,1,38.5,11,0.26,0.26,1
GLP,03/03/2014,12:18,12:17:12.902,38.24,1,38.49,1,12:17:12.902,38.24,1,38.49,1,12:17:26.496,38.24,1,38.48,1,12:17:26.496,38.24,1,38.48,1,0.25,0.24,2
GLP,03/03/2014,12:19,12:18:22.766,38.24,1,38.49,1,12:18:22.766,38.24,1,38.49,1,12:18:22.766,38.24,1,38.49,1,12:18:22.766,38.24,1,38.49,1,0.25,0.25,1
GLP,03/03/2014,12:20,12:19:21.567,38.24,1,38.48,1,12:19:21.567,38.24,1,38.48,1,12:19:21.567,38.24,1,38.48,1,12:19:21.567,38.24,1,38.48,1,0.24,0.24,1
GLP,03/03/2014,12:25,12:24:18.493,38.24,1,38.49,1,12:24:18.493,38.24,1,38.49,1,12:24:18.493,38.24,1,38.49,1,12:24:18.493,38.24,1,38.49,1,0.25,0.25,1
GLP,03/03/2014,12:26,12:25:14.600,38.24,1,38.48,1,12:25:14.600,38.24,1,38.48,1,12:25:14.600,38.24,1,38.48,1,12:25:14.600,38.24,1,38.48,1,0.24,0.24,1
GLP,03/03/2014,12:27,12:26:12.504,38.24,1,38.49,1,12:26:12.504,38.24,1,38.49,1,12:26:12.504,38.24,1,38.49,1,12:26:12.504,38.24,1,38.49,1,0.25,0.25,1
GLP,03/03/2014,12:28,12:27:17.464,38.24,1,38.48,1,12:27:17.464,38.24,1,38.48,1,12:27:17.464,38.24,1,38.48,1,12:27:17.464,38.24,1,38.48,1,0.24,0.24,1
GLP,03/03/2014,12:29,12:28:16.474,38.24,1,38.49,1,12:28:16.474,38.24,1,38.49,1,12:28:16.474,38.24,1,38.49,1,12:28:16.474,38.24,1,38.49,1,0.25,0.25,1
GLP,03/03/2014,12:30,12:29:13.455,38.24,1,38.48,1,12:29:13.455,38.24,1,38.48,1,12:29:13.455,38.24,1,38.48,1,12:29:13.455,38.24,1,38.48,1,0.24,0.24,1
GLP,03/03/2014,12:31,12:30:11.566,38.24,1,38.49,1,12:30:11.566,38.24,1,38.49,1,12:30:11.566,38.24,1,38.49,1,12:30:11.566,38.24,1,38.49,1,0.25,0.25,1
GLP,03/03/2014,12:32,12:31:06.511,38.24,1,38.48,1,12:31:06.511,38.24,1,38.48,1,12:31:06.511,38.24,1,38.48,1,12:31:06.511,38.24,1,38.48,1,0.24,0.24,1
GLP,03/03/2014,12:33,12:32:01.470,38.24,1,38.49,1,12:32:01.470,38.24,1,38.49,1,12:32:01.470,38.24,1,38.49,1,12:32:01.470,38.24,1,38.49,1,0.25,0.25,1
GLP,03/03/2014,12:34,12:33:03.483,38.24,1,38.48,1,12:33:03.483,38.24,1,38.48,1,12:33:03.483,38.24,1,38.48,1,12:33:03.483,38.24,1,38.48,1,0.24,0.24,1
GLP,03/03/2014,12:35,12:34:08.457,38.24,1,38.49,1,12:34:08.457,38.24,1,38.49,1,12:34:08.457,38.24,1,38.49,1,12:34:08.457,38.24,1,38.49,1,0.25,0.25,1
GLP,03/03/2014,12:36,12:35:12.478,38.24,1,38.48,1,12:35:12.478,38.24,1,38.48,1,12:35:12.478,38.24,1,38.48,1,12:35:12.478,38.24,1,38.48,1,0.24,0.24,1
GLP,03/03/2014,12:37,12:36:07.543,38.24,1,38.49,1,12:36:07.543,38.24,1,38.49,1,12:36:07.543,38.24,1,38.49,1,12:36:07.543,38.24,1,38.49,1,0.25,0.25,1
GLP,03/03/2014,12:38,12:37:02.502,38.24,1,38.48,1,12:37:02.502,38.24,1,38.48,1,12:37:02.502,38.24,1,38.48,1,12:37:02.502,38.24,1,38.48,1,0.24,0.24,1
GLP,03/03/2014,12:39,12:38:00.546,38.24,1,38.49,1,12:38:00.546,38.24,1,38.49,1,12:38:00.546,38.24,1,38.49,1,12:38:00.546,38.24,1,38.49,1,0.25,0.25,1
GLP,03/03/2014,12:40,12:39:01.480,38.24,1,38.48,1,12:39:01.480,38.24,1,38.48,1,12:39:01.480,38.24,1,38.48,1,12:39:57.505,38.24,1,38.49,1,0.25,0.24,2
GLP,03/03/2014,12:42,12:41:02.487,38.24,1,38.48,1,12:41:02.487,38.24,1,38.48,1,12:41:02.487,38.24,1,38.48,1,12:41:59.489,38.24,1,38.49,1,0.25,0.24,2
GLP,03/03/2014,12:44,12:43:03.479,38.24,1,38.48,1,12:43:03.479,38.24,1,38.48,1,12:43:59.437,38.24,1,38.46,1,12:43:59.437,38.24,1,38.46,1,0.24,0.22,3
GLP,03/03/2014,12:46,12:45:03.638,38.24,1,38.47,1,12:45:03.638,38.24,1,38.47,1,12:45:03.638,38.24,1,38.47,1,12:45:03.638,38.24,1,38.47,1,0.23,0.23,1
GLP,03/03/2014,12:47,12:46:05.546,38.24,1,38.46,1,12:46:05.546,38.24,1,38.46,1,12:46:05.546,38.24,1,38.46,1,12:46:05.546,38.24,1,38.46,1,0.22,0.22,1
GLP,03/03/2014,12:48,12:47:08.487,38.24,1,38.47,1,12:47:08.487,38.24,1,38.47,1,12:47:08.487,38.24,1,38.47,1,12:47:08.487,38.24,1,38.47,1,0.23,0.23,1
GLP,03/03/2014,12:49,12:48:12.502,38.24,1,38.46,1,12:48:12.502,38.24,1,38.46,1,12:48:12.502,38.24,1,38.46,1,12:48:12.502,38.24,1,38.46,1,0.22,0.22,1
GLP,03/03/2014,12:50,12:49:09.457,38.24,1,38.47,1,12:49:09.457,38.24,1,38.47,1,12:49:09.457,38.24,1,38.47,1,12:49:09.457,38.24,1,38.47,1,0.23,0.23,1
GLP,03/03/2014,12:51,12:50:08.454,38.24,1,38.46,1,12:50:08.454,38.24,1,38.46,1,12:50:08.454,38.24,1,38.46,1,12:50:08.454,38.24,1,38.46,1,0.22,0.22,1
GLP,03/03/2014,12:52,12:51:07.455,38.24,1,38.47,1,12:51:07.455,38.24,1,38.47,1,12:51:07.455,38.24,1,38.47,1,12:51:07.455,38.24,1,38.47,1,0.23,0.23,1
GLP,03/03/2014,12:53,12:52:04.547,38.24,1,38.46,1,12:52:04.547,38.24,1,38.46,1,12:52:04.547,38.24,1,38.46,1,12:52:04.547,38.24,1,38.46,1,0.22,0.22,1
GLP,03/03/2014,12:54,12:53:02.487,38.24,1,38.47,1,12:53:02.487,38.24,1,38.47,1,12:53:02.487,38.24,1,38.47,1,12:53:02.487,38.24,1,38.47,1,0.23,0.23,1
GLP,03/03/2014,12:55,12:54:06.490,38.24,1,38.46,1,12:54:06.490,38.24,1,38.46,1,12:54:56.441,38.24,1,38.45,1,12:54:56.441,38.24,1,38.45,1,0.22,0.21,2
GLP,03/03/2014,12:56,12:55:11.490,38.24,1,38.44,1,12:55:11.490,38.24,1,38.44,1,12:55:11.490,38.24,1,38.44,1,12:55:11.490,38.24,1,38.44,1,0.20,0.20,1
GLP,03/03/2014,12:57,12:56:14.492,38.24,1,38.45,1,12:56:14.492,38.24,1,38.45,1,12:56:14.492,38.24,1,38.45,1,12:56:14.492,38.24,1,38.45,1,0.21,0.21,1
GLP,03/03/2014,12:59,12:58:10.474,38.24,1,38.44,1,12:58:10.474,38.24,1,38.44,1,12:58:10.474,38.24,1,38.44,1,12:58:10.474,38.24,1,38.44,1,0.20,0.20,1
GLP,03/03/2014,13:00,12:59:05.431,38.24,1,38.45,1,12:59:05.431,38.24,1,38.45,1,12:59:05.431,38.24,1,38.45,1,12:59:05.431,38.24,1,38.45,1,0.21,0.21,1
GLP,03/03/2014,13:01,13:00:01.633,38.24,1,38.44,1,13:00:01.633,38.24,1,38.44,1,13:00:01.633,38.24,1,38.44,1,13:00:58.535,38.24,1,38.45,1,0.21,0.20,2
GLP,03/03/2014,13:02,13:01:57.466,38.24,1,38.44,1,13:01:57.466,38.24,1,38.44,1,13:01:57.466,38.24,1,38.44,1,13:01:57.466,38.24,1,38.44,1,0.20,0.20,1
GLP,03/03/2014,13:03,13:02:57.440,38.24,1,38.45,1,13:02:57.440,38.24,1,38.45,1,13:02:57.440,38.24,1,38.45,1,13:02:57.440,38.24,1,38.45,1,0.21,0.21,1
GLP,03/03/2014,13:04,13:03:57.626,38.24,1,38.44,1,13:03:57.626,38.24,1,38.44,1,13:03:57.626,38.24,1,38.44,1,13:03:57.626,38.24,1,38.44,1,0.20,0.20,1
GLP,03/03/2014,13:05,13:04:54.801,38.24,1,38.45,1,13:04:54.801,38.24,1,38.45,1,13:04:54.801,38.24,1,38.45,1,13:04:54.801,38.24,1,38.45,1,0.21,0.21,1
GLP,03/03/2014,13:06,13:05:51.487,38.24,1,38.44,1,13:05:51.487,38.24,1,38.44,1,13:05:51.487,38.24,1,38.44,1,13:05:51.487,38.24,1,38.44,1,0.20,0.20,1
GLP,03/03/2014,13:07,13:06:55.474,38.24,1,38.45,1,13:06:55.474,38.24,1,38.45,1,13:06:55.474,38.24,1,38.45,1,13:06:55.474,38.24,1,38.45,1,0.21,0.21,1
GLP,03/03/2014,13:08,13:07:56.580,38.24,1,38.44,1,13:07:56.580,38.24,1,38.44,1,13:07:56.580,38.24,1,38.44,1,13:07:56.580,38.24,1,38.44,1,0.20,0.20,1
GLP,03/03/2014,13:09,13:08:53.454,38.24,1,38.45,1,13:08:53.454,38.24,1,38.45,1,13:08:53.454,38.24,1,38.45,1,13:08:53.454,38.24,1,38.45,1,0.21,0.21,1
GLP,03/03/2014,13:10,13:09:57.499,38.24,1,38.44,1,13:09:57.499,38.24,1,38.44,1,13:09:57.499,38.24,1,38.44,1,13:09:57.499,38.24,1,38.44,1,0.20,0.20,1
GLP,03/03/2014,13:11,13:10:55.437,38.24,1,38.45,1,13:10:55.437,38.24,1,38.45,1,13:10:55.437,38.24,1,38.45,1,13:10:55.437,38.24,1,38.45,1,0.21,0.21,1
GLP,03/03/2014,13:12,13:11:51.414,38.35,1,38.45,1,13:11:51.414,38.35,1,38.45,1,13:11:51.414,38.35,1,38.45,1,13:11:57.626,38.35,1,38.45,1,0.10,0.10,3
GLP,03/03/2014,13:13,13:12:14.457,38.4,1,38.45,1,13:12:14.457,38.4,1,38.45,1,13:12:14.457,38.4,1,38.45,1,13:12:20.820,38.4,1,38.46,15,0.06,0.05,4
GLP,03/03/2014,13:14,13:13:00.511,38.4,2,38.46,15,13:13:00.511,38.4,2,38.46,15,13:13:00.511,38.4,2,38.46,15,13:13:00.511,38.4,2,38.46,15,0.06,0.06,1
GLP,03/03/2014,13:16,13:15:25.552,38.41,1,38.46,15,13:15:25.552,38.41,1,38.46,15,13:15:25.552,38.41,1,38.46,15,13:15:29.117,38.41,2,38.46,15,0.05,0.05,2
GLP,03/03/2014,13:18,13:17:01.761,38.41,2,38.46,14,13:17:04.514,38.44,1,38.46,15,13:17:01.761,38.41,2,38.46,14,13:17:28.495,38.43,3,38.46,13,0.05,0.02,7
GLP,03/03/2014,13:31,13:30:25.002,38.43,3,38.44,1,13:30:25.002,38.43,3,38.44,1,13:30:25.002,38.43,3,38.44,1,13:30:55.299,38.2,2,38.45,1,0.25,0.01,11
GLP,03/03/2014,13:34,13:33:51.411,38.2,2,38.44,1,13:33:51.411,38.2,2,38.44,1,13:33:51.411,38.2,2,38.44,1,13:33:51.411,38.2,2,38.44,1,0.24,0.24,1
GLP,03/03/2014,13:39,13:38:54.587,38.2,2,38.46,10,13:38:54.587,38.2,2,38.46,10,13:38:54.587,38.2,2,38.46,10,13:38:54.587,38.2,2,38.46,10,0.26,0.26,1
GLP,03/03/2014,13:40,13:39:49.449,38.2,2,38.45,1,13:39:49.449,38.2,2,38.45,1,13:39:49.449,38.2,2,38.45,1,13:39:49.449,38.2,2,38.45,1,0.25,0.25,1
GLP,03/03/2014,13:41,13:40:47.460,38.2,2,38.46,10,13:40:47.460,38.2,2,38.46,10,13:40:47.460,38.2,2,38.46,10,13:40:47.460,38.2,2,38.46,10,0.26,0.26,1
GLP,03/03/2014,13:42,13:41:47.509,38.2,2,38.45,1,13:41:47.509,38.2,2,38.45,1,13:41:47.509,38.2,2,38.45,1,13:41:47.509,38.2,2,38.45,1,0.25,0.25,1
GLP,03/03/2014,13:43,13:42:42.509,38.2,2,38.46,10,13:42:42.509,38.2,2,38.46,10,13:42:42.509,38.2,2,38.46,10,13:42:42.509,38.2,2,38.46,10,0.26,0.26,1
GLP,03/03/2014,13:44,13:43:39.455,38.2,2,38.45,1,13:43:39.505,38.21,1,38.45,1,13:43:39.537,38.21,1,38.44,1,13:43:42.032,38.21,1,38.44,1,0.25,0.23,4
GLP,03/03/2014,13:50,13:49:19.016,38.22,1,38.44,1,13:49:53.135,38.34,1,38.46,10,13:49:19.016,38.22,1,38.44,1,13:49:54.026,38.34,1,38.46,10,0.22,0.12,21
GLP,03/03/2014,13:51,13:50:23.130,38.35,1,38.46,10,13:50:28.903,38.36,1,38.46,10,13:50:23.130,38.35,1,38.46,10,13:50:29.554,38.36,1,38.46,10,0.12,0.10,6
GLP,03/03/2014,13:57,13:56:36.107,38.37,1,38.46,10,13:56:38.467,38.4,1,38.72,1,13:56:36.107,38.37,1,38.46,10,13:56:42.531,38.4,1,38.71,1,0.41,0.08,20
GLP,03/03/2014,13:58,13:57:02.341,38.41,1,38.71,1,13:57:06.479,38.44,1,38.71,1,13:57:34.553,38.44,1,38.7,1,13:57:34.553,38.44,1,38.7,1,0.30,0.26,5
GLP,03/03/2014,14:06,14:05:23.786,38.44,1,38.69,1,14:05:23.786,38.44,1,38.69,1,14:05:29.512,38.44,1,38.68,1,14:05:29.512,38.44,1,38.68,1,0.25,0.24,2
GLP,03/03/2014,14:07,14:06:23.680,38.44,1,38.69,1,14:06:23.680,38.44,1,38.69,1,14:06:23.680,38.44,1,38.69,1,14:06:23.680,38.44,1,38.69,1,0.25,0.25,1
GLP,03/03/2014,14:34,14:33:00.209,38.44,1,38.76,1,14:33:00.209,38.44,1,38.76,1,14:33:00.209,38.44,1,38.76,1,14:33:00.209,38.44,1,38.76,1,0.32,0.32,1
GLP,03/03/2014,14:54,14:53:37.342,38.44,1,38.79,1,14:53:37.342,38.44,1,38.79,1,14:53:39.170,38.44,1,38.78,1,14:53:39.170,38.44,1,38.78,1,0.35,0.34,2
GLP,03/03/2014,15:04,15:03:44.642,38.45,1,38.78,1,15:03:46.907,38.46,1,38.78,1,15:03:44.642,38.45,1,38.78,1,15:03:46.907,38.46,1,38.78,1,0.33,0.32,2
GLP,03/03/2014,15:08,15:07:10.210,38.46,2,38.78,1,15:07:10.210,38.46,2,38.78,1,15:07:10.210,38.46,2,38.78,1,15:07:10.210,38.46,2,38.78,1,0.32,0.32,1
GLP,03/03/2014,15:13,15:12:40.212,38.46,1,38.78,1,15:12:40.212,38.46,1,38.78,1,15:12:40.212,38.46,1,38.78,1,15:12:40.212,38.46,1,38.78,1,0.32,0.32,1
GLP,03/03/2014,15:24,15:23:30.214,38.46,2,38.78,1,15:23:30.214,38.46,2,38.78,1,15:23:30.214,38.46,2,38.78,1,15:23:30.214,38.46,2,38.78,1,0.32,0.32,1
GLP,03/03/2014,15:26,15:25:25.835,38.46,2,38.71,1,15:25:25.835,38.46,2,38.71,1,15:25:25.835,38.46,2,38.71,1,15:25:31.495,38.46,2,38.79,1,0.34,0.25,4
GLP,03/03/2014,15:27,15:26:11.980,38.46,2,38.8,50,15:26:11.980,38.46,2,38.8,50,15:26:17.383,38.46,2,38.79,1,15:26:19.108,38.46,2,38.79,2,0.34,0.33,3
GLP,03/03/2014,15:29,15:28:01.990,38.46,1,38.79,2,15:28:01.990,38.46,1,38.79,2,15:28:01.990,38.46,1,38.79,2,15:28:01.990,38.46,1,38.79,2,0.33,0.33,1
GLP,03/03/2014,15:36,15:35:30.266,38.46,1,38.79,2,15:35:30.275,38.47,1,38.79,2,15:35:30.266,38.46,1,38.79,2,15:35:30.275,38.47,1,38.79,2,0.33,0.32,2
GLP,03/03/2014,15:37,15:36:53.476,38.47,2,38.79,2,15:36:53.476,38.47,2,38.79,2,15:36:53.476,38.47,2,38.79,2,15:36:53.476,38.47,2,38.79,2,0.32,0.32,1
GLP,03/03/2014,15:42,15:41:20.226,38.47,1,38.79,2,15:41:20.226,38.47,1,38.79,2,15:41:20.226,38.47,1,38.79,2,15:41:20.226,38.47,1,38.79,2,0.32,0.32,1
GLP,03/03/2014,15:44,15:43:01.197,38.47,1,38.78,1,15:43:01.197,38.47,1,38.78,1,15:43:01.197,38.47,1,38.78,1,15:43:01.197,38.47,1,38.78,1,0.31,0.31,1
GLP,03/03/2014,15:45,15:44:32.281,38.48,1,38.78,1,15:44:32.298,38.49,1,38.78,1,15:44:53.367,38.49,1,38.77,1,15:44:53.367,38.49,1,38.77,1,0.30,0.28,7
GLP,03/03/2014,15:47,15:46:07.427,38.49,1,38.76,1,15:46:07.427,38.49,1,38.76,1,15:46:07.427,38.49,1,38.76,1,15:46:23.365,38.49,1,38.76,2,0.27,0.27,2
GLP,03/03/2014,15:50,15:49:00.229,38.49,2,38.76,2,15:49:02.330,38.51,1,38.76,2,15:49:54.236,38.51,1,38.75,1,15:49:54.236,38.51,1,38.75,1,0.27,0.24,5
GLP,03/03/2014,15:52,15:51:56.009,38.52,1,38.75,1,15:51:56.050,38.53,1,38.75,1,15:51:56.009,38.52,1,38.75,1,15:51:56.050,38.53,1,38.75,1,0.23,0.22,2
GLP,03/03/2014,15:53,15:52:07.025,38.54,1,38.75,1,15:52:52.257,38.59,1,38.75,1,15:52:07.025,38.54,1,38.75,1,15:52:52.257,38.59,1,38.75,1,0.21,0.16,7
GLP,03/03/2014,15:55,15:54:19.648,38.59,1,38.75,1,15:54:25.515,38.68,1,38.75,1,15:54:19.648,38.59,1,38.75,1,15:54:46.860,38.67,1,38.75,1,0.16,0.07,9
GLP,03/03/2014,15:59,15:58:00.193,38.5,1,38.75,1,15:58:00.193,38.5,1,38.75,1,15:58:49.170,38.41,3,38.6,2,15:58:50.294,38.41,1,38.79,2,0.59,0.19,41
GLP,03/03/2014,16:00,15:59:05.568,38.41,1,38.6,1,15:59:54.392,38.46,4,38.89,4,15:59:14.360,38.44,2,38.59,2,15:59:59.892,38.46,1,38.75,4,0.46,0.15,50
GLP,03/03/2014,16:01,16:00:00.427,38.45,1,38.75,4,16:00:00.427,38.45,1,38.75,4,16:00:00.427,38.45,1,38.75,4,16:00:00.427,38.45,1,38.75,4,0.30,0.30,1
GLP,03/04/2014,09:31,09:30:00.094,37.67,1,39.22,7,09:30:01.367,38.69,1,39.21,1,09:30:57.328,38.69,1,39.2,1,09:30:58.309,38.69,1,39.2,50,1.55,0.51,5
GLP,03/04/2014,09:32,09:31:21.130,38.69,1,39.19,1,09:31:21.130,38.69,1,39.19,1,09:31:47.347,38.69,1,38.93,1,09:31:47.347,38.69,1,38.93,1,0.50,0.24,4
GLP,03/04/2014,09:33,09:32:10.153,38.69,1,38.93,2,09:32:10.153,38.69,1,38.93,2,09:32:10.153,38.69,1,38.93,2,09:32:10.153,38.69,1,38.93,2,0.24,0.24,1
GLP,03/04/2014,09:34,09:33:11.386,38.69,1,38.93,1,09:33:11.386,38.69,1,38.93,1,09:33:11.386,38.69,1,38.93,1,09:33:12.081,38.69,1,38.93,2,0.24,0.24,2
GLP,03/04/2014,09:36,09:35:11.007,38.69,1,38.93,1,09:35:11.007,38.69,1,38.93,1,09:35:50.792,38.69,1,38.92,1,09:35:50.792,38.69,1,38.92,1,0.24,0.23,3
GLP,03/04/2014,09:38,09:37:24.660,38.69,1,38.92,3,09:37:24.660,38.69,1,38.92,3,09:37:24.660,38.69,1,38.92,3,09:37:24.660,38.69,1,38.92,3,0.23,0.23,1
GLP,03/04/2014,09:45,09:44:11.259,38.69,1,38.92,2,09:44:11.259,38.69,1,38.92,2,09:44:11.259,38.69,1,38.92,2,09:44:11.259,38.69,1,38.92,2,0.23,0.23,1
GLP,03/04/2014,09:47,09:46:52.331,38.69,1,38.92,50,09:46:52.331,38.69,1,38.92,50,09:46:52.364,38.69,1,38.91,2,09:46:52.364,38.69,1,38.91,2,0.23,0.22,2
GLP,03/04/2014,09:49,09:48:10.083,38.69,1,38.91,50,09:48:10.083,38.69,1,38.91,50,09:48:55.964,38.69,1,38.9,1,09:48:55.964,38.69,1,38.9,1,0.22,0.21,2
GLP,03/04/2014,09:51,09:50:59.669,38.69,1,38.9,50,09:50:59.669,38.69,1,38.9,50,09:50:59.925,38.69,1,38.88,1,09:50:59.975,38.69,1,38.88,50,0.21,0.19,5
GLP,03/04/2014,09:52,09:51:00.009,38.69,1,38.87,1,09:51:00.009,38.69,1,38.87,1,09:51:00.009,38.69,1,38.87,1,09:51:00.009,38.69,1,38.87,1,0.18,0.18,1
GLP,03/04/2014,09:55,09:54:06.583,38.7,1,38.87,1,09:54:06.583,38.7,1,38.87,1,09:54:06.583,38.7,1,38.87,1,09:54:52.202,38.7,1,38.95,1,0.30,0.17,12
GLP,03/04/2014,09:56,09:55:07.633,38.69,1,38.95,1,09:55:07.633,38.69,1,38.95,1,09:55:07.633,38.69,1,38.95,1,09:55:22.349,38.69,1,38.95,2,0.26,0.26,2
GLP,03/04/2014,09:57,09:56:10.577,38.7,1,38.95,2,09:56:10.577,38.7,1,38.95,2,09:56:44.769,38.7,1,38.8,1,09:56:45.654,38.7,1,38.8,49,0.25,0.10,20
GLP,03/04/2014,09:58,09:57:10.580,38.69,1,38.8,49,09:57:10.580,38.69,1,38.8,49,09:57:10.916,38.69,1,38.79,1,09:57:11.926,38.69,1,38.84,1,0.15,0.10,5
GLP,03/04/2014,10:02,10:01:07.370,38.69,1,38.84,49,10:01:07.370,38.69,1,38.84,49,10:01:07.402,38.69,1,38.83,1,10:01:07.402,38.69,1,38.83,1,0.15,0.14,2
GLP,03/04/2014,10:07,10:06:06.281,38.69,1,38.83,49,10:06:06.281,38.69,1,38.83,49,10:06:06.314,38.69,1,38.82,1,10:06:06.314,38.69,1,38.82,1,0.14,0.13,2
GLP,03/04/2014,10:09,10:08:24.097,38.69,1,38.82,49,10:08:24.097,38.69,1,38.82,49,10:08:41.200,38.69,1,38.81,1,10:08:41.200,38.69,1,38.81,1,0.13,0.12,2
GLP,03/04/2014,10:15,10:14:07.788,38.69,1,38.81,49,10:14:07.788,38.69,1,38.81,49,10:14:07.788,38.69,1,38.81,49,10:14:07.788,38.69,1,38.81,49,0.12,0.12,1
GLP,03/04/2014,10:17,10:16:23.239,38.69,1,38.8,1,10:16:23.239,38.69,1,38.8,1,10:16:23.239,38.69,1,38.8,1,10:16:23.239,38.69,1,38.8,1,0.11,0.11,1
GLP,03/04/2014,10:21,10:20:18.737,38.69,1,38.8,2,10:20:18.737,38.69,1,38.8,2,10:20:18.737,38.69,1,38.8,2,10:20:18.737,38.69,1,38.8,2,0.11,0.11,1
GLP,03/04/2014,10:23,10:22:30.160,38.69,1,38.8,1,10:22:30.160,38.69,1,38.8,1,10:22:30.160,38.69,1,38.8,1,10:22:31.197,38.69,1,38.8,2,0.11,0.11,2
GLP,03/04/2014,10:25,10:24:20.573,38.69,1,38.8,1,10:24:20.573,38.69,1,38.8,1,10:24:20.581,38.69,1,38.79,1,10:24:20.581,38.69,1,38.79,1,0.11,0.10,3
GLP,03/04/2014,10:28,10:27:13.054,38.69,1,38.79,3,10:27:13.054,38.69,1,38.79,3,10:27:13.054,38.69,1,38.79,3,10:27:13.054,38.69,1,38.79,3,0.10,0.10,1
GLP,03/04/2014,10:31,10:30:02.901,38.69,1,38.79,2,10:30:02.901,38.69,1,38.79,2,10:30:02.901,38.69,1,38.79,2,10:30:02.901,38.69,1,38.79,2,0.10,0.10,1
GLP,03/04/2014,10:33,10:32:37.865,38.69,1,38.79,1,10:32:37.865,38.69,1,38.79,1,10:32:37.865,38.69,1,38.79,1,10:32:37.891,38.69,1,38.89,1,0.21,0.10,5
GLP,03/04/2014,10:34,10:33:37.990,38.69,1,38.89,49,10:33:37.990,38.69,1,38.89,49,10:33:42.136,38.69,1,38.86,1,10:33:42.136,38.69,1,38.86,1,0.20,0.17,2
GLP,03/04/2014,10:38,10:37:35.689,38.69,1,38.7,1,10:37:35.689,38.69,1,38.7,1,10:37:35.689,38.69,1,38.7,1,10:37:35.694,38.69,1,38.86,1,0.17,0.01,3
GLP,03/04/2014,10:40,10:39:01.603,38.69,1,38.86,49,10:39:01.603,38.69,1,38.86,49,10:39:08.105,38.69,1,38.8,1,10:39:08.105,38.69,1,38.8,1,0.17,0.11,4
GLP,03/04/2014,10:50,10:49:52.305,38.7,1,38.8,1,10:49:52.305,38.7,1,38.8,1,10:49:52.305,38.7,1,38.8,1,10:49:52.305,38.7,1,38.8,1,0.10,0.10,1
GLP,03/04/2014,10:53,10:52:09.997,38.69,1,38.8,1,10:52:09.997,38.69,1,38.8,1,10:52:36.857,38.69,1,38.79,1,10:52:36.857,38.69,1,38.79,1,0.11,0.10,2
GLP,03/04/2014,10:58,10:57:23.342,38.69,1,38.79,1,10:57:23.342,38.69,1,38.79,1,10:57:23.342,38.69,1,38.79,1,10:57:23.342,38.69,1,38.79,1,0.10,0.10,1
GLP,03/04/2014,11:05,11:04:17.463,38.7,1,38.79,1,11:04:17.463,38.7,1,38.79,1,11:04:17.463,38.7,1,38.79,1,11:04:19.744,38.7,3,38.79,1,0.09,0.09,2
GLP,03/04/2014,11:12,11:11:10.052,38.7,2,38.79,1,11:11:10.052,38.7,2,38.79,1,11:11:10.052,38.7,2,38.79,1,11:11:10.066,38.7,2,38.8,49,0.10,0.09,2
GLP,03/04/2014,11:25,11:24:33.053,38.7,4,38.8,49,11:24:41.778,38.73,1,38.8,49,11:24:33.053,38.7,4,38.8,49,11:24:43.099,38.73,2,38.8,49,0.10,0.07,7
GLP,03/04/2014,12:13,12:12:21.218,38.75,1,38.8,49,12:12:21.218,38.75,1,38.8,49,12:12:53.688,38.7,1,38.79,1,12:12:55.593,38.69,1,38.8,49,0.11,0.05,6
GLP,03/04/2014,12:16,12:15:09.849,38.69,1,38.8,49,12:15:09.849,38.69,1,38.8,49,12:15:09.849,38.69,1,38.8,49,12:15:57.587,38.35,4,39.11,1,0.89,0.11,27
GLP,03/04/2014,12:17,12:16:01.043,38.35,4,39.11,2,12:16:01.043,38.35,4,39.11,2,12:16:01.043,38.35,4,39.11,2,12:16:01.043,38.35,4,39.11,2,0.76,0.76,1
GLP,03/04/2014,12:18,12:17:00.507,38.36,1,39.11,2,12:17:00.586,38.37,4,39.11,2,12:17:00.507,38.36,1,39.11,2,12:17:00.586,38.37,4,39.11,2,0.75,0.74,2
GLP,03/04/2014,12:19,12:18:03.426,38.38,1,39.11,2,12:18:03.513,38.39,4,39.11,2,12:18:03.426,38.38,1,39.11,2,12:18:03.513,38.39,4,39.11,2,0.73,0.72,2
GLP,03/04/2014,12:20,12:19:00.392,38.4,1,39.11,2,12:19:41.049,38.43,3,39.11,2,12:19:00.392,38.4,1,39.11,2,12:19:41.049,38.43,3,39.11,2,0.71,0.68,5
GLP,03/04/2014,12:21,12:20:04.409,38.44,1,39.11,2,12:20:17.043,38.45,3,39.1,1,12:20:14.857,38.44,1,39.1,1,12:20:17.043,38.45,3,39.1,1,0.67,0.65,5
GLP,03/04/2014,12:22,12:21:02.448,38.46,1,39.1,1,12:21:57.618,38.49,3,39.1,2,12:21:02.448,38.46,1,39.1,1,12:21:57.618,38.49,3,39.1,2,0.64,0.61,5
GLP,03/04/2014,12:23,12:22:52.531,38.5,1,39.1,2,12:22:52.608,38.51,3,39.1,2,12:22:52.531,38.5,1,39.1,2,12:22:52.608,38.51,3,39.1,2,0.60,0.59,2
GLP,03/04/2014,12:24,12:23:56.502,38.52,1,39.1,2,12:23:56.580,38.53,2,39.1,2,12:23:56.502,38.52,1,39.1,2,12:23:56.580,38.53,2,39.1,2,0.58,0.57,2
GLP,03/04/2014,12:25,12:24:31.435,38.54,2,39.1,2,12:24:55.477,38.56,2,39.1,2,12:24:31.435,38.54,2,39.1,2,12:24:55.477,38.56,2,39.1,2,0.56,0.54,3
GLP,03/04/2014,12:26,12:25:58.500,38.57,1,39.1,2,12:25:58.525,38.58,1,39.1,2,12:25:58.500,38.57,1,39.1,2,12:25:58.525,38.58,1,39.1,2,0.53,0.52,2
GLP,03/04/2014,12:27,12:26:55.490,38.59,1,39.1,2,12:26:55.490,38.59,1,39.1,2,12:26:55.490,38.59,1,39.1,2,12:26:57.508,38.59,2,39.1,2,0.51,0.51,2
GLP,03/04/2014,12:32,12:31:29.216,38.59,2,39.1,1,12:31:29.216,38.59,2,39.1,1,12:31:29.216,38.59,2,39.1,1,12:31:29.216,38.59,2,39.1,1,0.51,0.51,1
GLP,03/04/2014,12:33,12:32:26.154,38.59,2,39.1,49,12:32:26.154,38.59,2,39.1,49,12:32:26.154,38.59,2,39.1,49,12:32:26.154,38.59,2,39.1,49,0.51,0.51,1
GLP,03/04/2014,12:36,12:35:05.207,38.59,2,39.09,2,12:35:05.207,38.59,2,39.09,2,12:35:29.621,38.59,2,38.84,1,12:35:51.438,38.59,1,39.0,49,0.50,0.25,5
GLP,03/04/2014,12:38,12:37:33.258,38.6,1,39.0,49,12:37:33.258,38.6,1,39.0,49,12:37:33.258,38.6,1,39.0,49,12:37:40.973,38.59,1,39.18,2,0.60,0.40,8
GLP,03/04/2014,12:43,12:42:39.434,38.32,1,39.18,2,12:42:39.514,38.33,4,39.18,2,12:42:39.434,38.32,1,39.18,2,12:42:39.514,38.33,4,39.18,2,0.98,0.85,8
GLP,03/04/2014,12:44,12:43:38.438,38.34,1,39.18,2,12:43:49.778,38.38,1,39.18,2,12:43:38.438,38.34,1,39.18,2,12:43:49.778,38.38,1,39.18,2,0.84,0.80,5
GLP,03/04/2014,12:45,12:44:03.063,38.39,4,39.18,2,12:44:38.054,38.42,1,39.18,2,12:44:03.063,38.39,4,39.18,2,12:44:38.054,38.42,1,39.18,2,0.79,0.76,4
GLP,03/04/2014,12:46,12:45:13.059,38.43,3,39.18,2,12:45:39.569,38.46,1,39.18,2,12:45:13.059,38.43,3,39.18,2,12:45:39.569,38.46,1,39.18,2,0.75,0.72,4
GLP,03/04/2014,12:47,12:46:38.442,38.47,1,39.18,2,12:46:38.451,38.48,1,39.18,2,12:46:38.442,38.47,1,39.18,2,12:46:38.451,38.48,1,39.18,2,0.71,0.70,2
GLP,03/04/2014,12:48,12:47:39.116,38.48,1,39.18,1,12:47:41.766,38.6,1,39.15,1,12:47:41.794,38.6,1,39.14,1,12:47:41.794,38.6,1,39.14,1,0.72,0.54,14
GLP,03/04/2014,12:49,12:48:23.013,38.6,1,39.14,2,12:48:46.435,38.61,1,39.14,2,12:48:46.482,38.61,2,39.13,1,12:48:46.973,38.61,1,39.13,1,0.54,0.52,7
GLP,03/04/2014,12:50,12:49:27.132,38.61,1,39.13,2,12:49:27.132,38.61,1,39.13,2,12:49:27.132,38.61,1,39.13,2,12:49:27.132,38.61,1,39.13,2,0.52,0.52,1
GLP,03/04/2014,12:53,12:52:59.278,38.61,1,39.13,1,12:52:59.278,38.61,1,39.13,1,12:52:59.284,38.61,1,39.12,1,12:52:59.284,38.61,1,39.12,1,0.52,0.51,3
GLP,03/04/2014,12:54,12:53:34.173,38.61,1,39.09,1,12:53:34.173,38.61,1,39.09,1,12:53:58.549,38.61,1,38.88,49,12:53:58.549,38.61,1,38.88,49,0.48,0.27,12
GLP,03/04/2014,12:55,12:54:01.097,38.61,1,39.0,1,12:54:01.097,38.61,1,39.0,1,12:54:55.387,38.61,1,38.79,1,12:54:55.387,38.61,1,38.79,1,0.39,0.18,12
GLP,03/04/2014,12:56,12:55:49.419,38.51,2,38.79,1,12:55:49.420,38.61,1,38.79,1,12:55:49.419,38.51,2,38.79,1,12:55:49.420,38.61,1,38.79,1,0.28,0.18,2
GLP,03/04/2014,12:58,12:57:39.920,38.51,2,38.79,1,12:57:39.920,38.51,2,38.79,1,12:57:40.090,38.01,4,38.52,1,12:57:59.536,38.28,1,38.68,1,0.78,0.24,29
GLP,03/04/2014,12:59,12:58:49.449,38.29,1,38.68,1,12:58:49.449,38.29,1,38.68,1,12:58:49.449,38.29,1,38.68,1,12:58:49.449,38.29,1,38.68,1,0.39,0.39,1
GLP,03/04/2014,13:03,13:02:42.181,38.29,1,38.65,1,13:02:42.181,38.29,1,38.65,1,13:02:42.181,38.29,1,38.65,1,13:02:59.172,38.29,1,38.68,1,0.39,0.36,36
GLP,03/04/2014,13:04,13:03:00.136,38.29,1,38.65,1,13:03:00.136,38.29,1,38.65,1,13:03:00.136,38.29,1,38.65,1,13:03:57.062,38.29,1,38.68,1,0.39,0.36,74
GLP,03/04/2014,13:05,13:04:04.228,38.29,1,38.67,1,13:04:04.228,38.29,1,38.67,1,13:04:04.228,38.29,1,38.67,1,13:04:52.108,38.29,1,38.68,1,0.39,0.38,12
GLP,03/04/2014,13:06,13:05:06.340,38.29,1,38.67,1,13:05:06.340,38.29,1,38.67,1,13:05:06.340,38.29,1,38.67,1,13:05:57.081,38.29,1,38.68,1,0.39,0.38,8
GLP,03/04/2014,13:07,13:06:19.284,38.29,1,38.67,1,13:06:19.284,38.29,1,38.67,1,13:06:19.284,38.29,1,38.67,1,13:06:43.124,38.29,1,38.68,1,0.39,0.38,4
GLP,03/04/2014,13:08,13:07:10.213,38.29,1,38.67,1,13:07:10.213,38.29,1,38.67,1,13:07:10.213,38.29,1,38.67,1,13:07:40.320,38.29,1,38.68,1,0.39,0.38,4
GLP,03/04/2014,13:09,13:08:14.132,38.29,1,38.67,1,13:08:14.132,38.29,1,38.67,1,13:08:14.132,38.29,1,38.67,1,13:08:52.086,38.29,1,38.68,1,0.39,0.38,4
GLP,03/04/2014,13:10,13:09:34.327,38.29,1,38.67,1,13:09:34.327,38.29,1,38.67,1,13:09:34.327,38.29,1,38.67,1,13:09:49.075,38.29,1,38.67,1,0.39,0.38,3
GLP,03/04/2014,13:14,13:13:10.406,38.06,1,38.67,1,13:13:40.075,38.1,1,38.62,1,13:13:40.259,38.09,3,38.56,1,13:13:41.232,38.1,1,38.56,1,0.61,0.46,13
GLP,03/04/2014,13:15,13:14:11.368,38.11,1,38.56,1,13:14:11.406,38.12,1,38.56,1,13:14:11.368,38.11,1,38.56,1,13:14:13.316,38.12,1,38.56,1,0.45,0.44,7
GLP,03/04/2014,13:16,13:15:12.481,38.13,1,38.56,1,13:15:15.241,38.14,1,38.56,1,13:15:12.481,38.13,1,38.56,1,13:15:40.350,38.14,1,38.56,1,0.43,0.42,15
GLP,03/04/2014,13:17,13:16:13.414,38.15,1,38.56,1,13:16:20.096,38.16,1,38.56,1,13:16:13.414,38.15,1,38.56,1,13:16:32.336,38.16,1,38.56,1,0.41,0.40,13
GLP,03/04/2014,13:18,13:17:10.425,38.17,1,38.56,1,13:17:22.472,38.18,1,38.56,1,13:17:10.425,38.17,1,38.56,1,13:17:31.271,38.18,1,38.56,1,0.39,0.38,5
GLP,03/04/2014,13:19,13:18:13.441,38.19,1,38.56,1,13:18:13.441,38.19,1,38.56,1,13:18:13.441,38.19,1,38.56,1,13:18:13.441,38.19,1,38.56,1,0.37,0.37,1
GLP,03/04/2014,13:20,13:19:17.434,38.18,1,38.56,1,13:19:17.434,38.18,1,38.56,1,13:19:17.434,38.18,1,38.56,1,13:19:17.434,38.18,1,38.56,1,0.38,0.38,1
GLP,03/04/2014,13:21,13:20:21.403,38.19,1,38.56,1,13:20:21.403,38.19,1,38.56,1,13:20:21.403,38.19,1,38.56,1,13:20:21.403,38.19,1,38.56,1,0.37,0.37,1
GLP,03/04/2014,13:22,13:21:19.372,38.18,1,38.56,1,13:21:19.372,38.18,1,38.56,1,13:21:19.372,38.18,1,38.56,1,13:21:19.372,38.18,1,38.56,1,0.38,0.38,1
GLP,03/04/2014,13:23,13:22:18.468,38.19,1,38.56,1,13:22:18.468,38.19,1,38.56,1,13:22:18.468,38.19,1,38.56,1,13:22:18.468,38.19,1,38.56,1,0.37,0.37,1
GLP,03/04/2014,13:24,13:23:23.531,38.06,1,38.56,1,13:23:57.278,38.07,1,38.56,1,13:23:23.531,38.06,1,38.56,1,13:23:59.881,38.07,1,38.66,1,0.60,0.49,10
GLP,03/04/2014,13:25,13:24:00.001,38.07,1,38.66,1,13:24:32.238,38.11,1,38.67,1,13:24:15.509,38.07,1,38.57,1,13:24:58.596,38.11,1,38.58,1,0.60,0.47,87
GLP,03/04/2014,13:26,13:25:27.445,38.12,1,38.58,1,13:25:45.572,38.13,1,38.58,1,13:25:27.445,38.12,1,38.58,1,13:25:45.573,38.13,1,38.58,1,0.46,0.45,3
GLP,03/04/2014,13:27,13:26:25.491,38.14,1,38.58,1,13:26:25.491,38.14,1,38.58,1,13:26:25.491,38.14,1,38.58,1,13:26:25.491,38.14,1,38.58,1,0.44,0.44,1
GLP,03/04/2014,13:28,13:27:05.099,38.15,1,38.58,1,13:27:28.535,38.16,1,38.58,1,13:27:40.026,38.16,1,38.57,1,13:27:40.026,38.16,1,38.57,1,0.43,0.41,3
GLP,03/04/2014,13:29,13:28:28.453,38.15,1,38.57,1,13:28:28.453,38.15,1,38.57,1,13:28:28.453,38.15,1,38.57,1,13:28:28.453,38.15,1,38.57,1,0.42,0.42,1
GLP,03/04/2014,13:30,13:29:26.464,38.16,1,38.57,1,13:29:26.464,38.16,1,38.57,1,13:29:26.464,38.16,1,38.57,1,13:29:26.464,38.16,1,38.57,1,0.41,0.41,1
GLP,03/04/2014,13:31,13:30:28.554,38.16,1,38.56,1,13:30:28.554,38.16,1,38.56,1,13:30:28.554,38.16,1,38.56,1,13:30:28.565,38.15,1,38.56,1,0.41,0.40,2
GLP,03/04/2014,13:32,13:31:00.128,38.15,2,38.56,1,13:31:30.492,38.16,1,38.56,1,13:31:00.128,38.15,2,38.56,1,13:31:30.495,38.16,2,38.56,1,0.41,0.40,3
GLP,03/04/2014,13:33,13:32:35.458,38.16,1,38.56,1,13:32:35.458,38.16,1,38.56,1,13:32:35.458,38.16,1,38.56,1,13:32:35.458,38.16,1,38.56,1,0.40,0.40,1
GLP,03/04/2014,13:34,13:33:36.450,38.17,1,38.56,1,13:33:36.450,38.17,1,38.56,1,13:33:36.450,38.17,1,38.56,1,13:33:36.453,38.17,2,38.56,1,0.39,0.39,2
GLP,03/04/2014,13:35,13:34:32.426,38.17,1,38.56,1,13:34:32.426,38.17,1,38.56,1,13:34:32.426,38.17,1,38.56,1,13:34:32.426,38.17,1,38.56,1,0.39,0.39,1
GLP,03/04/2014,13:36,13:35:33.395,38.18,1,38.56,1,13:35:33.395,38.18,1,38.56,1,13:35:33.395,38.18,1,38.56,1,13:35:33.398,38.18,2,38.56,1,0.38,0.38,2
GLP,03/04/2014,13:37,13:36:32.522,38.18,1,38.56,1,13:36:32.522,38.18,1,38.56,1,13:36:32.522,38.18,1,38.56,1,13:36:32.522,38.18,1,38.56,1,0.38,0.38,1
GLP,03/04/2014,13:38,13:37:32.450,38.19,1,38.56,1,13:37:32.450,38.19,1,38.56,1,13:37:32.450,38.19,1,38.56,1,13:37:32.453,38.19,2,38.56,1,0.37,0.37,2
GLP,03/04/2014,13:39,13:38:34.468,38.19,1,38.56,1,13:38:34.468,38.19,1,38.56,1,13:38:34.468,38.19,1,38.56,1,13:38:34.468,38.19,1,38.56,1,0.37,0.37,1
GLP,03/04/2014,13:40,13:39:10.130,38.06,1,38.56,1,13:39:30.440,38.09,1,38.56,1,13:39:10.130,38.06,1,38.56,1,13:39:30.440,38.09,1,38.56,1,0.50,0.47,6
GLP,03/04/2014,13:41,13:40:32.460,38.1,1,38.56,1,13:40:32.460,38.1,1,38.56,1,13:40:32.460,38.1,1,38.56,1,13:40:32.460,38.1,1,38.56,1,0.46,0.46,1
GLP,03/04/2014,13:44,13:43:55.205,38.11,1,38.56,1,13:43:55.205,38.11,1,38.56,1,13:43:55.205,38.11,1,38.56,1,13:43:55.205,38.11,1,38.56,1,0.45,0.45,1
GLP,03/04/2014,13:45,13:44:21.565,38.12,1,38.56,1,13:44:21.565,38.12,1,38.56,1,13:44:21.565,38.12,1,38.56,1,13:44:21.565,38.12,1,38.56,1,0.44,0.44,1
GLP,03/04/2014,13:46,13:45:36.464,38.12,1,38.55,1,13:45:36.464,38.12,1,38.55,1,13:45:36.464,38.12,1,38.55,1,13:45:36.464,38.12,1,38.55,1,0.43,0.43,1
GLP,03/04/2014,13:49,13:48:18.265,38.12,1,38.54,1,13:48:18.265,38.12,1,38.54,1,13:48:18.265,38.12,1,38.54,1,13:48:18.343,38.12,1,38.54,2,0.42,0.42,2
GLP,03/04/2014,13:51,13:50:00.259,38.13,1,38.54,2,13:50:30.316,38.15,1,38.54,2,13:50:00.259,38.13,1,38.54,2,13:50:31.530,38.15,1,38.54,2,0.42,0.39,10
GLP,03/04/2014,13:52,13:51:21.444,38.16,1,38.54,2,13:51:21.444,38.16,1,38.54,2,13:51:21.444,38.16,1,38.54,2,13:51:21.444,38.16,1,38.54,2,0.38,0.38,1
GLP,03/04/2014,13:57,13:56:42.999,38.17,1,38.54,2,13:56:42.999,38.17,1,38.54,2,13:56:42.999,38.17,1,38.54,2,13:56:44.678,38.16,1,38.54,2,0.38,0.37,2
GLP,03/04/2014,14:03,14:02:42.172,38.16,1,38.54,1,14:02:42.172,38.16,1,38.54,1,14:02:42.172,38.16,1,38.54,1,14:02:42.172,38.16,1,38.54,1,0.38,0.38,1
GLP,03/04/2014,14:04,14:03:17.152,38.16,1,38.53,1,14:03:17.152,38.16,1,38.53,1,14:03:17.152,38.16,1,38.53,1,14:03:17.152,38.16,1,38.53,1,0.37,0.37,1
GLP,03/04/2014,14:05,14:04:07.437,38.16,1,38.53,1,14:04:07.437,38.16,1,38.53,1,14:04:07.437,38.16,1,38.53,1,14:04:07.437,38.16,1,38.53,1,0.37,0.37,1
GLP,03/04/2014,14:06,14:05:03.433,38.17,1,38.53,1,14:05:03.433,38.17,1,38.53,1,14:05:03.433,38.17,1,38.53,1,14:05:03.433,38.17,1,38.53,1,0.36,0.36,1
GLP,03/04/2014,14:07,14:06:00.452,38.16,1,38.53,1,14:06:00.452,38.16,1,38.53,1,14:06:22.150,38.16,1,38.52,1,14:06:22.150,38.16,1,38.52,1,0.37,0.36,2
GLP,03/04/2014,14:08,14:07:03.500,38.17,1,38.52,1,14:07:03.500,38.17,1,38.52,1,14:07:03.500,38.17,1,38.52,1,14:07:03.500,38.17,1,38.52,1,0.35,0.35,1
GLP,03/04/2014,14:10,14:09:03.546,38.06,1,38.52,1,14:09:03.548,38.17,1,38.52,1,14:09:03.546,38.06,1,38.52,1,14:09:03.548,38.17,1,38.52,1,0.46,0.35,2
GLP,03/04/2014,14:11,14:10:50.145,38.17,2,38.52,1,14:10:50.145,38.17,2,38.52,1,14:10:50.145,38.17,2,38.52,1,14:10:50.145,38.17,2,38.52,1,0.35,0.35,1
GLP,03/04/2014,14:20,14:19:40.066,38.17,2,38.51,1,14:19:50.216,38.18,1,38.51,1,14:19:40.066,38.17,2,38.51,1,14:19:50.216,38.18,1,38.51,1,0.34,0.33,3
GLP,03/04/2014,14:21,14:20:12.426,38.19,1,38.51,1,14:20:12.476,38.2,1,38.51,1,14:20:12.426,38.19,1,38.51,1,14:20:12.476,38.2,1,38.51,1,0.32,0.31,2
GLP,03/04/2014,14:22,14:21:16.437,38.21,1,38.51,1,14:21:16.447,38.22,1,38.51,1,14:21:16.437,38.21,1,38.51,1,14:21:16.447,38.22,1,38.51,1,0.30,0.29,2
GLP,03/04/2014,14:23,14:22:18.508,38.23,1,38.51,1,14:22:18.540,38.24,1,38.51,1,14:22:18.508,38.23,1,38.51,1,14:22:18.540,38.24,1,38.51,1,0.28,0.27,2
GLP,03/04/2014,14:24,14:23:23.553,38.25,1,38.51,1,14:23:23.563,38.26,1,38.51,1,14:23:23.553,38.25,1,38.51,1,14:23:59.421,38.25,1,38.51,1,0.26,0.25,3
GLP,03/04/2014,14:25,14:24:19.572,38.06,1,38.51,1,14:24:19.576,38.07,1,38.51,1,14:24:19.572,38.06,1,38.51,1,14:24:19.576,38.07,1,38.51,1,0.45,0.44,2
GLP,03/04/2014,14:26,14:25:18.695,38.08,1,38.51,1,14:25:25.675,38.11,1,38.51,1,14:25:18.695,38.08,1,38.51,1,14:25:25.675,38.11,1,38.51,1,0.43,0.40,5
GLP,03/04/2014,14:27,14:26:21.540,38.12,1,38.51,1,14:26:21.540,38.12,1,38.51,1,14:26:21.540,38.12,1,38.51,1,14:26:21.540,38.12,1,38.51,1,0.39,0.39,1
GLP,03/04/2014,14:31,14:30:36.913,38.13,1,38.51,1,14:30:36.913,38.13,1,38.51,1,14:30:36.913,38.13,1,38.51,1,14:30:36.913,38.13,1,38.51,1,0.38,0.38,1
GLP,03/04/2014,14:32,14:31:28.503,38.14,1,38.51,1,14:31:28.503,38.14,1,38.51,1,14:31:28.503,38.14,1,38.51,1,14:31:28.503,38.14,1,38.51,1,0.37,0.37,1
GLP,03/04/2014,14:36,14:35:41.504,38.14,1,38.5,1,14:35:41.504,38.14,1,38.5,1,14:35:41.504,38.14,1,38.5,1,14:35:41.504,38.14,1,38.5,1,0.36,0.36,1
GLP,03/04/2014,14:39,14:38:46.941,38.15,1,38.5,1,14:38:46.941,38.15,1,38.5,1,14:38:46.941,38.15,1,38.5,1,14:38:46.941,38.15,2,38.5,1,0.35,0.35,2
GLP,03/04/2014,14:40,14:39:06.467,38.16,1,38.5,1,14:39:06.491,38.17,1,38.5,1,14:39:40.328,38.17,2,38.49,1,14:39:40.336,38.16,1,38.49,1,0.34,0.32,6
GLP,03/04/2014,14:42,14:41:30.158,38.16,2,38.49,1,14:41:30.587,38.17,1,38.49,1,14:41:30.158,38.16,2,38.49,1,14:41:30.587,38.17,2,38.49,1,0.33,0.32,3
GLP,03/04/2014,14:43,14:42:16.536,38.18,1,38.49,1,14:42:29.823,38.19,1,38.49,1,14:42:16.536,38.18,1,38.49,1,14:42:29.823,38.19,2,38.49,1,0.31,0.30,3
GLP,03/04/2014,14:44,14:43:18.412,38.19,1,38.49,1,14:43:18.618,38.2,1,38.49,1,14:43:18.412,38.19,1,38.49,1,14:43:18.620,38.2,1,38.49,1,0.30,0.29,5
GLP,03/04/2014,14:45,14:44:20.693,38.2,1,38.49,1,14:44:20.693,38.2,1,38.49,1,14:44:20.693,38.2,1,38.49,1,14:44:20.693,38.2,1,38.49,1,0.29,0.29,1
GLP,03/04/2014,14:49,14:48:30.161,38.08,2,38.49,1,14:48:30.161,38.08,2,38.49,1,14:48:30.161,38.08,2,38.49,1,14:48:43.106,38.08,2,38.49,1,0.42,0.41,5
GLP,03/04/2014,14:50,14:49:15.592,38.09,1,38.49,1,14:49:15.618,38.1,1,38.49,1,14:49:15.592,38.09,1,38.49,1,14:49:42.358,38.1,2,38.49,1,0.40,0.39,4
GLP,03/04/2014,14:51,14:50:19.668,38.11,1,38.49,1,14:50:19.689,38.12,1,38.49,1,14:50:19.668,38.11,1,38.49,1,14:50:19.689,38.12,2,38.49,1,0.38,0.37,3
GLP,03/04/2014,14:52,14:51:15.557,38.13,1,38.49,1,14:51:15.559,38.14,1,38.49,1,14:51:15.557,38.13,1,38.49,1,14:51:15.560,38.14,2,38.49,1,0.36,0.35,3
GLP,03/04/2014,14:53,14:52:19.702,38.15,1,38.49,1,14:52:28.089,38.16,1,38.49,1,14:52:19.702,38.15,1,38.49,1,14:52:28.089,38.16,1,38.49,1,0.34,0.33,2
GLP,03/04/2014,14:54,14:53:13.120,38.16,1,38.48,1,14:53:13.120,38.16,1,38.48,1,14:53:13.120,38.16,1,38.48,1,14:53:13.120,38.16,1,38.48,1,0.32,0.32,1
GLP,03/04/2014,14:56,14:55:29.131,38.18,8,38.48,1,14:55:29.131,38.18,8,38.48,1,14:55:40.300,38.18,8,38.47,1,14:55:40.300,38.18,8,38.47,1,0.30,0.29,2
GLP,03/04/2014,14:59,14:58:31.398,38.16,1,38.47,1,14:58:45.656,38.19,1,38.47,1,14:58:31.398,38.16,1,38.47,1,14:58:45.656,38.19,1,38.47,1,0.31,0.28,4
GLP,03/04/2014,15:00,14:59:17.192,38.18,7,38.47,1,14:59:17.192,38.18,7,38.47,1,14:59:17.192,38.18,7,38.47,1,14:59:17.192,38.18,7,38.47,1,0.29,0.29,1
GLP,03/04/2014,15:01,15:00:17.971,38.18,7,38.41,5,15:00:25.109,38.19,1,38.29,2,15:00:20.406,38.18,7,38.29,1,15:00:25.109,38.19,1,38.29,2,0.23,0.10,6
GLP,03/04/2014,15:02,15:01:14.636,38.19,1,38.29,1,15:01:14.636,38.19,1,38.29,1,15:01:14.636,38.19,1,38.29,1,15:01:28.264,38.18,7,38.35,1,0.22,0.10,4
GLP,03/04/2014,15:10,15:09:35.288,38.18,7,38.34,1,15:09:35.288,38.18,7,38.34,1,15:09:35.288,38.18,7,38.34,1,15:09:35.288,38.18,7,38.34,1,0.16,0.16,1
GLP,03/04/2014,15:25,15:24:05.154,38.18,7,38.33,1,15:24:05.154,38.18,7,38.33,1,15:24:05.154,38.18,7,38.33,1,15:24:05.154,38.18,7,38.33,1,0.15,0.15,1
GLP,03/04/2014,15:28,15:27:01.356,38.18,6,38.33,1,15:27:01.356,38.18,6,38.33,1,15:27:01.425,38.18,6,38.26,1,15:27:01.425,38.18,6,38.26,1,0.15,0.08,2
GLP,03/04/2014,15:37,15:36:47.723,38.07,1,38.26,1,15:36:47.723,38.07,1,38.26,1,15:36:47.762,38.06,2,38.23,1,15:36:47.779,38.07,2,38.23,1,0.20,0.16,7
GLP,03/04/2014,15:38,15:37:01.328,38.07,2,38.22,1,15:37:01.328,38.07,2,38.22,1,15:37:01.328,38.07,2,38.22,1,15:37:01.328,38.07,2,38.22,1,0.15,0.15,1
GLP,03/04/2014,15:39,15:38:38.927,38.07,2,38.18,1,15:38:38.927,38.07,2,38.18,1,15:38:38.927,38.07,2,38.18,1,15:38:38.942,38.06,2,38.18,1,0.12,0.11,3
GLP,03/04/2014,15:40,15:39:01.359,38.06,2,38.18,2,15:39:01.359,38.06,2,38.18,2,15:39:40.599,38.06,2,38.17,1,15:39:40.599,38.06,2,38.17,1,0.12,0.11,2
GLP,03/04/2014,15:46,15:45:00.099,38.06,2,38.07,1,15:45:00.806,38.07,1,38.1,1,15:45:00.099,38.06,2,38.07,1,15:45:59.642,38.01,15,38.07,1,0.17,0.01,20
GLP,03/04/2014,15:48,15:47:36.324,38.01,15,38.04,1,15:47:36.324,38.01,15,38.04,1,15:47:36.324,38.01,15,38.04,1,15:47:44.636,38.01,15,38.1,1,0.17,0.03,3
GLP,03/04/2014,15:49,15:48:05.569,38.01,15,38.04,1,15:48:05.569,38.01,15,38.04,1,15:48:52.224,38.01,15,38.03,1,15:48:52.224,38.01,15,38.03,1,0.17,0.02,4
GLP,03/04/2014,15:50,15:49:43.599,38.01,15,38.04,1,15:49:43.619,38.02,1,38.04,1,15:49:43.599,38.01,15,38.04,1,15:49:46.245,38.02,1,38.04,1,0.03,0.02,4
GLP,03/04/2014,15:51,15:50:02.549,38.02,1,38.04,1,15:50:02.549,38.02,1,38.04,1,15:50:02.549,38.02,1,38.04,1,15:50:02.549,38.02,1,38.04,1,0.02,0.02,1
GLP,03/04/2014,15:53,15:52:31.856,38.02,2,38.04,1,15:52:31.856,38.02,2,38.04,1,15:52:31.856,38.02,2,38.04,1,15:52:31.856,38.02,2,38.04,1,0.02,0.02,1
GLP,03/04/2014,15:54,15:53:27.867,38.02,1,38.04,1,15:53:59.133,38.03,1,38.04,1,15:53:27.867,38.02,1,38.04,1,15:53:59.252,38.02,2,38.04,1,0.02,0.01,7
GLP,03/04/2014,15:55,15:54:00.251,38.03,1,38.04,1,15:54:00.251,38.03,1,38.04,1,15:54:00.251,38.03,1,38.04,1,15:54:56.442,38.03,2,38.06,1,0.05,0.01,9
GLP,03/04/2014,15:56,15:55:00.387,38.01,15,38.06,1,15:55:00.387,38.01,15,38.06,1,15:55:11.473,38.01,14,38.05,3,15:55:38.169,38.01,14,38.06,1,0.05,0.04,4
GLP,03/04/2014,15:57,15:56:04.158,38.02,1,38.06,1,15:56:04.158,38.02,1,38.06,1,15:56:36.916,38.02,1,38.03,1,15:56:36.916,38.02,1,38.03,1,0.04,0.01,3
GLP,03/04/2014,15:58,15:57:30.526,38.02,1,38.04,5,15:57:30.526,38.02,1,38.04,5,15:57:30.526,38.02,1,38.04,5,15:57:30.526,38.02,1,38.04,5,0.02,0.02,1
GLP,03/04/2014,15:59,15:58:30.101,38.02,1,38.04,6,15:58:30.101,38.02,1,38.04,6,15:58:30.101,38.02,1,38.04,6,15:58:56.407,38.02,2,38.04,1,0.03,0.02,10
GLP,03/04/2014,16:00,15:59:20.051,38.02,2,38.04,2,15:59:20.051,38.02,2,38.04,2,15:59:38.736,38.02,1,38.03,11,15:59:59.227,38.01,16,38.03,1,0.03,0.01,24
GLP,03/05/2014,09:31,09:30:00.101,36.11,1,39.22,7,09:30:36.024,36.74,3,37.78,1,09:30:04.008,36.11,1,37.77,3,09:30:44.023,36.73,1,38.53,3,3.11,1.04,80
GLP,03/05/2014,09:32,09:31:17.470,36.73,1,38.7,1,09:31:17.488,37.25,1,37.69,2,09:31:17.519,37.25,1,37.53,4,09:31:55.639,37.01,1,37.53,4,1.97,0.28,17
GLP,03/05/2014,09:33,09:32:40.823,37.02,1,37.53,4,09:32:40.823,37.02,1,37.53,4,09:32:40.954,37.02,1,37.52,1,09:32:40.954,37.02,1,37.52,1,0.51,0.50,2
GLP,03/05/2014,09:34,09:33:03.345,37.02,1,37.52,2,09:33:03.345,37.02,1,37.52,2,09:33:03.345,37.02,1,37.52,2,09:33:03.345,37.02,1,37.52,2,0.50,0.50,1
GLP,03/05/2014,09:35,09:34:52.671,37.02,2,37.52,2,09:34:52.671,37.02,2,37.52,2,09:34:52.671,37.02,2,37.52,2,09:34:52.671,37.02,2,37.52,2,0.50,0.50,1
GLP,03/05/2014,09:36,09:35:01.366,37.02,1,37.52,2,09:35:02.182,37.03,1,37.52,2,09:35:58.375,37.03,1,37.51,1,09:35:59.966,37.03,1,37.51,2,0.50,0.48,6
GLP,03/05/2014,09:39,09:38:32.308,37.03,1,37.51,1,09:38:32.308,37.03,1,37.51,1,09:38:42.500,37.03,1,37.5,1,09:38:42.500,37.03,1,37.5,1,0.48,0.47,2
GLP,03/05/2014,09:41,09:40:42.539,37.03,2,37.5,1,09:40:42.539,37.03,2,37.5,1,09:40:42.539,37.03,2,37.5,1,09:40:47.742,37.02,1,37.5,1,0.49,0.47,3
GLP,03/05/2014,09:42,09:41:12.201,37.02,1,37.5,1,09:41:12.201,37.02,1,37.5,1,09:41:12.201,37.02,1,37.5,1,09:41:12.201,37.02,1,37.5,1,0.48,0.48,1
GLP,03/05/2014,09:44,09:43:05.840,37.03,1,37.5,1,09:43:44.028,37.06,1,37.5,1,09:43:05.840,37.03,1,37.5,1,09:43:59.972,37.06,2,37.5,1,0.47,0.44,9
GLP,03/05/2014,09:45,09:44:01.656,37.07,1,37.5,1,09:44:13.149,37.1,1,37.5,1,09:44:01.656,37.07,1,37.5,1,09:44:13.149,37.1,1,37.5,1,0.43,0.40,2
GLP,03/05/2014,09:49,09:48:31.533,37.12,1,37.5,1,09:48:31.533,37.12,1,37.5,1,09:48:33.060,37.12,1,37.49,1,09:48:33.060,37.12,1,37.49,1,0.38,0.37,2
GLP,03/05/2014,09:51,09:50:59.435,37.12,1,37.49,2,09:50:59.435,37.12,1,37.49,2,09:50:59.435,37.12,1,37.49,2,09:50:59.435,37.12,1,37.49,2,0.37,0.37,1
GLP,03/05/2014,09:52,09:51:24.617,37.12,2,37.49,2,09:51:35.178,37.2,1,37.49,2,09:51:45.046,37.1,1,37.48,1,09:51:51.191,37.11,1,37.48,1,0.39,0.29,8
GLP,03/05/2014,09:53,09:52:12.519,37.11,1,37.48,2,09:52:12.519,37.11,1,37.48,2,09:52:12.519,37.11,1,37.48,2,09:52:12.519,37.11,1,37.48,2,0.37,0.37,1
GLP,03/05/2014,09:54,09:53:09.123,37.11,1,37.48,1,09:53:09.123,37.11,1,37.48,1,09:53:29.280,37.1,2,37.47,1,09:53:29.280,37.1,2,37.47,1,0.38,0.37,6
GLP,03/05/2014,09:55,09:54:41.415,37.11,1,37.47,1,09:54:41.415,37.11,1,37.47,1,09:54:41.415,37.11,1,37.47,1,09:54:41.556,37.11,1,37.47,1,0.36,0.36,2
GLP,03/05/2014,09:56,09:55:01.154,37.11,1,37.46,1,09:55:01.154,37.11,1,37.46,1,09:55:01.154,37.11,1,37.46,1,09:55:01.154,37.11,1,37.46,1,0.35,0.35,1
GLP,03/05/2014,09:57,09:56:14.206,37.11,1,37.46,1,09:56:14.206,37.11,1,37.46,1,09:56:14.206,37.11,1,37.46,1,09:56:14.206,37.11,1,37.46,1,0.35,0.35,1
GLP,03/05/2014,09:58,09:57:51.707,37.11,1,37.45,1,09:57:58.310,37.12,1,37.45,1,09:57:51.707,37.11,1,37.45,1,09:57:58.313,37.12,1,37.45,1,0.34,0.33,3
GLP,03/05/2014,09:59,09:58:07.258,37.11,1,37.45,1,09:58:07.258,37.11,1,37.45,1,09:58:07.258,37.11,1,37.45,1,09:58:07.258,37.11,1,37.45,1,0.34,0.34,1
GLP,03/05/2014,10:16,10:15:03.601,37.11,2,37.45,1,10:15:03.601,37.11,2,37.45,1,10:15:03.601,37.11,2,37.45,1,10:15:03.601,37.11,2,37.45,1,0.34,0.34,1
GLP,03/05/2014,10:17,10:16:09.649,37.14,1,37.45,1,10:16:09.649,37.14,1,37.45,1,10:16:36.110,37.14,2,37.33,1,10:16:36.110,37.14,2,37.33,1,0.31,0.19,14
GLP,03/05/2014,10:18,10:17:06.111,37.14,2,37.33,1,10:17:06.111,37.14,2,37.33,1,10:17:06.111,37.14,2,37.33,1,10:17:06.111,37.14,2,37.33,1,0.19,0.19,1
GLP,03/05/2014,10:19,10:18:53.710,37.14,1,37.33,1,10:18:53.710,37.14,1,37.33,1,10:18:53.710,37.14,1,37.33,1,10:18:53.710,37.14,1,37.33,1,0.19,0.19,1
GLP,03/05/2014,10:20,10:19:13.734,37.1,1,37.33,1,10:19:13.734,37.1,1,37.33,1,10:19:13.734,37.1,1,37.33,1,10:19:13.734,37.1,1,37.33,1,0.23,0.23,1
GLP,03/05/2014,10:22,10:21:41.577,37.1,1,37.13,1,10:21:41.577,37.1,1,37.13,1,10:21:41.577,37.1,1,37.13,1,10:21:54.388,37.0,13,37.13,2,0.13,0.03,8
GLP,03/05/2014,10:23,10:22:26.578,37.01,1,37.13,2,10:22:26.578,37.01,1,37.13,2,10:22:26.578,37.01,1,37.13,2,10:22:26.580,37.0,13,37.13,2,0.13,0.12,2
GLP,03/05/2014,10:24,10:23:09.532,37.0,13,37.13,1,10:23:09.532,37.0,13,37.13,1,10:23:09.532,37.0,13,37.13,1,10:23:48.382,37.0,13,37.13,1,0.13,0.13,2
GLP,03/05/2014,10:26,10:25:09.101,37.0,14,37.13,1,10:25:09.101,37.0,14,37.13,1,10:25:09.101,37.0,14,37.13,1,10:25:09.101,37.0,14,37.13,1,0.13,0.13,1
GLP,03/05/2014,10:27,10:26:05.114,37.0,13,37.13,1,10:26:05.114,37.0,13,37.13,1,10:26:05.114,37.0,13,37.13,1,10:26:05.114,37.0,13,37.13,1,0.13,0.13,1
GLP,03/05/2014,10:39,10:38:14.267,37.0,14,37.13,1,10:38:14.267,37.0,14,37.13,1,10:38:14.267,37.0,14,37.13,1,10:38:39.371,37.0,14,37.18,2,0.18,0.13,2
GLP,03/05/2014,10:41,10:40:00.580,37.0,14,37.17,1,10:40:25.816,37.01,1,37.17,1,10:40:00.580,37.0,14,37.17,1,10:40:25.816,37.01,1,37.17,1,0.17,0.16,5
GLP,03/05/2014,10:51,10:50:40.586,37.05,1,37.17,1,10:50:40.586,37.05,1,37.17,1,10:50:40.586,37.05,1,37.17,1,10:50:40.586,37.05,1,37.17,1,0.12,0.12,1
GLP,03/05/2014,10:52,10:51:03.897,37.06,1,37.17,1,10:51:11.073,37.12,1,37.17,1,10:51:03.897,37.06,1,37.17,1,10:51:13.095,37.05,1,37.17,1,0.12,0.05,17
GLP,03/05/2014,10:57,10:56:11.883,37.14,1,37.17,1,10:56:11.883,37.14,1,37.17,1,10:56:11.883,37.14,1,37.17,1,10:56:42.119,37.14,1,37.22,1,0.08,0.03,5
GLP,03/05/2014,10:58,10:57:04.477,37.14,2,37.22,1,10:57:04.477,37.14,2,37.22,1,10:57:04.477,37.14,2,37.22,1,10:57:14.618,37.14,1,37.22,1,0.08,0.08,4
GLP,03/05/2014,10:59,10:58:54.557,37.15,1,37.22,1,10:58:54.557,37.15,1,37.22,1,10:58:54.557,37.15,1,37.22,1,10:58:55.485,37.15,2,37.22,1,0.07,0.07,2
GLP,03/05/2014,11:00,10:59:16.625,37.15,1,37.22,1,10:59:16.625,37.15,1,37.22,1,10:59:16.625,37.15,1,37.22,1,10:59:56.106,37.14,2,37.22,1,0.08,0.07,2
GLP,03/05/2014,11:01,11:00:13.501,37.14,2,37.27,1,11:00:13.501,37.14,2,37.27,1,11:00:13.501,37.14,2,37.27,1,11:00:59.151,37.1,1,37.39,1,0.35,0.13,5
GLP,03/05/2014,11:02,11:01:13.706,37.1,2,37.39,1,11:01:21.118,37.12,1,37.39,1,11:01:13.706,37.1,2,37.39,1,11:01:48.175,37.12,1,37.39,1,0.34,0.27,12
GLP,03/05/2014,11:03,11:02:48.491,37.12,1,37.39,1,11:02:48.491,37.12,1,37.39,1,11:02:48.491,37.12,1,37.39,1,11:02:55.423,37.1,1,37.39,1,0.34,0.27,3
GLP,03/05/2014,11:05,11:04:59.259,37.1,1,37.39,1,11:04:59.259,37.1,1,37.39,1,11:04:59.259,37.1,1,37.39,1,11:04:59.259,37.1,1,37.39,1,0.29,0.29,1
GLP,03/05/2014,11:06,11:05:00.976,37.1,1,37.39,1,11:05:51.683,37.13,1,37.39,1,11:05:00.976,37.1,1,37.39,1,11:05:51.683,37.13,1,37.39,1,0.29,0.26,2
GLP,03/05/2014,11:11,11:10:30.410,37.13,1,37.4,1,11:10:30.410,37.13,1,37.4,1,11:10:30.410,37.13,1,37.4,1,11:10:30.410,37.13,1,37.4,1,0.27,0.27,1
GLP,03/05/2014,11:13,11:12:15.584,37.13,1,37.39,1,11:12:15.584,37.13,1,37.39,1,11:12:15.584,37.13,1,37.39,1,11:12:15.584,37.13,1,37.39,1,0.26,0.26,1
GLP,03/05/2014,11:19,11:18:35.077,37.01,1,37.39,1,11:18:35.077,37.01,1,37.39,1,11:18:35.077,37.01,1,37.39,1,11:18:35.077,37.01,1,37.39,1,0.38,0.38,1
GLP,03/05/2014,11:32,11:31:07.277,37.1,1,37.39,1,11:31:07.277,37.1,1,37.39,1,11:31:07.277,37.1,1,37.39,1,11:31:07.277,37.1,1,37.39,1,0.29,0.29,1
GLP,03/05/2014,11:37,11:36:53.782,37.1,1,37.4,1,11:36:53.782,37.1,1,37.4,1,11:36:53.782,37.1,1,37.4,1,11:36:53.825,37.1,1,37.4,2,0.30,0.30,2
GLP,03/05/2014,11:39,11:38:11.497,37.1,2,37.4,2,11:38:11.498,37.22,2,37.4,2,11:38:11.497,37.1,2,37.4,2,11:38:11.532,37.22,2,37.4,2,0.30,0.18,4
GLP,03/05/2014,11:44,11:43:31.338,37.22,2,37.4,1,11:43:31.338,37.22,2,37.4,1,11:43:31.338,37.22,2,37.4,1,11:43:31.350,37.22,2,37.4,2,0.18,0.18,2
GLP,03/05/2014,11:53,11:52:24.680,37.22,2,37.4,1,11:52:24.680,37.22,2,37.4,1,11:52:24.708,37.22,2,37.37,1,11:52:24.708,37.22,2,37.37,1,0.18,0.15,2
GLP,03/05/2014,12:05,12:04:13.502,37.22,2,37.37,1,12:04:13.504,37.23,2,37.37,1,12:04:13.502,37.22,2,37.37,1,12:04:13.504,37.23,2,37.37,1,0.15,0.14,2
GLP,03/05/2014,12:24,12:23:53.115,37.23,2,37.4,1,12:23:53.115,37.23,2,37.4,1,12:23:53.115,37.23,2,37.4,1,12:23:55.065,37.23,2,37.5,2,0.27,0.17,3
GLP,03/05/2014,12:40,12:39:58.744,37.23,2,37.49,1,12:39:58.744,37.23,2,37.49,1,12:39:58.744,37.23,2,37.49,1,12:39:58.744,37.23,2,37.49,1,0.26,0.26,1
GLP,03/05/2014,12:41,12:40:34.205,37.23,2,37.48,1,12:40:57.513,37.27,2,37.5,2,12:40:34.205,37.23,2,37.48,1,12:40:57.513,37.27,2,37.5,2,0.27,0.23,8
GLP,03/05/2014,12:42,12:41:49.460,37.27,2,37.49,1,12:41:49.460,37.27,2,37.49,1,12:41:49.460,37.27,2,37.49,1,12:41:49.460,37.27,2,37.49,1,0.22,0.22,1
GLP,03/05/2014,12:43,12:42:47.497,37.27,2,37.5,2,12:42:47.497,37.27,2,37.5,2,12:42:47.497,37.27,2,37.5,2,12:42:47.497,37.27,2,37.5,2,0.23,0.23,1
GLP,03/05/2014,12:44,12:43:51.538,37.27,2,37.49,1,12:43:51.538,37.27,2,37.49,1,12:43:51.538,37.27,2,37.49,1,12:43:51.538,37.27,2,37.49,1,0.22,0.22,1
GLP,03/05/2014,12:45,12:44:51.505,37.27,2,37.49,1,12:44:51.505,37.27,2,37.49,1,12:44:51.505,37.27,2,37.49,1,12:44:51.505,37.27,2,37.49,1,0.22,0.22,1
GLP,03/05/2014,12:48,12:47:48.524,37.27,2,37.48,1,12:47:48.524,37.27,2,37.48,1,12:47:48.524,37.27,2,37.48,1,12:47:48.524,37.27,2,37.48,1,0.21,0.21,1
GLP,03/05/2014,12:49,12:48:48.513,37.27,2,37.49,1,12:48:48.513,37.27,2,37.49,1,12:48:48.513,37.27,2,37.49,1,12:48:48.513,37.27,2,37.49,1,0.22,0.22,1
GLP,03/05/2014,12:53,12:52:41.523,37.27,2,37.48,1,12:52:41.523,37.27,2,37.48,1,12:52:41.523,37.27,2,37.48,1,12:52:41.523,37.27,2,37.48,1,0.21,0.21,1
GLP,03/05/2014,12:54,12:53:37.515,37.27,2,37.49,1,12:53:37.515,37.27,2,37.49,1,12:53:37.515,37.27,2,37.49,1,12:53:37.515,37.27,2,37.49,1,0.22,0.22,1
GLP,03/05/2014,12:55,12:54:35.639,37.27,2,37.48,1,12:54:35.639,37.27,2,37.48,1,12:54:35.639,37.27,2,37.48,1,12:54:35.639,37.27,2,37.48,1,0.21,0.21,1
GLP,03/05/2014,12:56,12:55:30.522,37.27,2,37.49,1,12:55:30.522,37.27,2,37.49,1,12:55:30.522,37.27,2,37.49,1,12:55:30.522,37.27,2,37.49,1,0.22,0.22,1
GLP,03/05/2014,12:57,12:56:27.563,37.27,2,37.48,1,12:56:27.563,37.27,2,37.48,1,12:56:27.563,37.27,2,37.48,1,12:56:27.563,37.27,2,37.48,1,0.21,0.21,1
GLP,03/05/2014,12:58,12:57:21.062,37.27,2,37.49,1,12:57:30.483,37.42,1,37.49,1,12:57:36.616,37.01,1,37.48,1,12:57:36.616,37.01,1,37.48,1,0.48,0.07,6
GLP,03/05/2014,13:01,13:00:49.516,37.02,1,37.48,1,13:00:49.516,37.02,1,37.48,1,13:00:49.516,37.02,1,37.48,1,13:00:49.516,37.02,1,37.48,1,0.46,0.46,1
GLP,03/05/2014,13:02,13:01:41.491,37.03,1,37.48,1,13:01:41.491,37.03,1,37.48,1,13:01:41.491,37.03,1,37.48,1,13:01:41.491,37.03,1,37.48,1,0.45,0.45,1
GLP,03/05/2014,13:03,13:02:38.076,37.03,1,37.49,1,13:02:38.076,37.03,1,37.49,1,13:02:45.105,37.03,1,37.48,1,13:02:45.105,37.03,1,37.48,1,0.46,0.45,2
GLP,03/05/2014,13:04,13:03:35.054,37.03,1,37.49,1,13:03:59.406,37.21,1,37.49,1,13:03:35.054,37.03,1,37.49,1,13:03:59.406,37.21,1,37.49,1,0.46,0.28,12
GLP,03/05/2014,13:05,13:04:00.724,37.25,1,37.49,1,13:04:00.724,37.25,1,37.49,1,13:04:00.724,37.25,1,37.49,1,13:04:25.941,37.01,1,37.49,1,0.48,0.24,6
GLP,03/05/2014,13:06,13:05:13.984,37.02,1,37.49,1,13:05:19.706,37.05,1,37.49,1,13:05:13.984,37.02,1,37.49,1,13:05:22.838,37.03,1,37.49,1,0.47,0.44,10
GLP,03/05/2014,13:11,13:10:01.888,37.03,1,37.48,2,13:10:01.888,37.03,1,37.48,2,13:10:01.888,37.03,1,37.48,2,13:10:57.890,37.03,1,37.48,4,0.45,0.45,2
GLP,03/05/2014,13:12,13:11:01.010,37.03,1,37.48,2,13:11:01.010,37.03,1,37.48,2,13:11:01.010,37.03,1,37.48,2,13:11:09.084,37.03,1,37.48,1,0.46,0.45,3
GLP,03/05/2014,13:13,13:12:05.077,37.04,1,37.48,1,13:12:28.626,37.05,1,37.49,1,13:12:38.486,37.05,1,37.47,1,13:12:38.486,37.05,1,37.47,1,0.45,0.42,6
GLP,03/05/2014,13:14,13:13:42.447,37.05,1,37.49,1,13:13:42.447,37.05,1,37.49,1,13:13:42.476,37.05,1,37.46,1,13:13:42.476,37.05,1,37.46,1,0.44,0.41,2
GLP,03/05/2014,13:15,13:14:05.515,37.06,1,37.46,1,13:14:19.211,37.07,1,37.46,1,13:14:05.522,37.06,1,37.45,1,13:14:19.211,37.07,1,37.46,1,0.40,0.39,5
GLP,03/05/2014,13:18,13:17:06.276,37.07,1,37.18,1,13:17:06.276,37.07,1,37.18,1,13:17:06.276,37.07,1,37.18,1,13:17:06.277,37.07,1,37.46,1,0.39,0.11,2
GLP,03/05/2014,13:19,13:18:00.828,37.07,1,37.45,1,13:18:00.828,37.07,1,37.45,1,13:18:00.828,37.07,1,37.45,1,13:18:10.863,37.07,1,37.46,1,0.39,0.38,2
GLP,03/05/2014,13:23,13:22:57.981,37.07,1,37.45,1,13:22:57.981,37.07,1,37.45,1,13:22:57.981,37.07,1,37.45,1,13:22:57.981,37.07,1,37.45,1,0.38,0.38,1
GLP,03/05/2014,13:25,13:24:02.424,37.07,1,37.5,3,13:24:02.424,37.07,1,37.5,3,13:24:02.507,37.07,1,37.43,1,13:24:02.507,37.07,1,37.43,1,0.43,0.36,4
GLP,03/05/2014,13:26,13:25:07.441,37.07,1,37.43,1,13:25:07.441,37.07,1,37.43,1,13:25:07.480,37.07,1,37.41,1,13:25:07.480,37.07,1,37.41,1,0.36,0.34,3
GLP,03/05/2014,13:27,13:26:12.486,37.07,1,37.43,1,13:26:12.486,37.07,1,37.43,1,13:26:12.486,37.07,1,37.43,1,13:26:47.995,37.07,1,37.5,3,0.43,0.36,6
GLP,03/05/2014,13:30,13:29:32.054,37.07,2,37.5,3,13:29:32.054,37.07,2,37.5,3,13:29:32.054,37.07,2,37.5,3,13:29:32.054,37.07,2,37.5,3,0.43,0.43,1
GLP,03/05/2014,13:31,13:30:10.161,37.07,1,37.5,3,13:30:10.161,37.07,1,37.5,3,13:30:10.161,37.07,1,37.5,3,13:30:10.161,37.07,1,37.5,3,0.43,0.43,1
GLP,03/05/2014,13:35,13:34:37.326,37.07,1,37.5,2,13:34:37.326,37.07,1,37.5,2,13:34:37.326,37.07,1,37.5,2,13:34:37.326,37.07,1,37.5,2,0.43,0.43,1
GLP,03/05/2014,13:39,13:38:22.196,37.07,1,37.5,1,13:38:22.196,37.07,1,37.5,1,13:38:22.196,37.07,1,37.5,1,13:38:22.196,37.07,1,37.5,1,0.43,0.43,1
GLP,03/05/2014,13:41,13:40:57.385,37.07,1,37.49,1,13:40:57.385,37.07,1,37.49,1,13:40:57.385,37.07,1,37.49,1,13:40:57.385,37.07,1,37.49,1,0.42,0.42,1
GLP,03/05/2014,13:42,13:41:00.705,37.05,1,37.49,1,13:41:00.705,37.05,1,37.49,1,13:41:00.705,37.05,1,37.49,1,13:41:03.996,37.05,1,37.49,1,0.45,0.44,3
GLP,03/05/2014,13:52,13:51:54.699,37.06,1,37.49,1,13:51:54.699,37.06,1,37.49,1,13:51:54.699,37.06,1,37.49,1,13:51:54.700,37.06,2,37.49,1,0.43,0.43,2
GLP,03/05/2014,13:53,13:52:00.074,37.06,2,37.49,1,13:52:00.074,37.06,2,37.49,1,13:52:00.230,37.06,2,37.48,1,13:52:00.230,37.06,2,37.48,1,0.43,0.42,2
GLP,03/05/2014,14:18,14:17:46.356,37.06,2,37.49,1,14:17:46.356,37.06,2,37.49,1,14:17:46.511,37.06,2,37.48,1,14:17:46.511,37.06,2,37.48,1,0.43,0.42,2
GLP,03/05/2014,14:19,14:18:00.046,37.07,1,37.48,1,14:18:00.822,37.1,1,37.48,1,14:18:00.046,37.07,1,37.48,1,14:18:00.928,37.06,2,37.48,1,0.42,0.38,7
GLP,03/05/2014,14:21,14:20:07.725,37.06,2,37.49,1,14:20:46.109,37.2,1,37.49,1,14:20:07.725,37.06,2,37.49,1,14:20:46.109,37.2,2,37.49,1,0.43,0.29,3
GLP,03/05/2014,14:26,14:25:42.993,37.2,1,37.49,1,14:25:49.925,37.3,1,37.49,1,14:25:42.993,37.2,1,37.49,1,14:25:49.926,37.3,2,37.49,1,0.29,0.19,8
GLP,03/05/2014,14:27,14:26:02.710,37.3,1,37.49,1,14:26:02.862,37.35,1,37.49,1,14:26:02.710,37.3,1,37.49,1,14:26:27.596,37.35,1,37.49,1,0.43,0.14,17
GLP,03/05/2014,14:30,14:29:28.341,37.34,1,37.49,1,14:29:28.341,37.34,1,37.49,1,14:29:28.341,37.34,1,37.49,1,14:29:28.346,37.34,1,37.49,1,0.24,0.15,7
GLP,03/05/2014,14:31,14:30:24.807,37.25,1,37.49,1,14:30:53.621,37.31,1,37.49,1,14:30:24.810,37.25,1,37.48,1,14:30:53.621,37.31,1,37.49,1,0.24,0.18,9
GLP,03/05/2014,14:36,14:35:17.667,37.31,1,37.48,1,14:35:17.667,37.31,1,37.48,1,14:35:17.667,37.31,1,37.48,1,14:35:29.723,37.31,1,37.48,2,0.17,0.17,2
GLP,03/05/2014,14:45,14:44:11.907,37.31,1,37.48,1,14:44:22.720,37.46,1,37.49,1,14:44:11.907,37.31,1,37.48,1,14:44:57.770,37.45,1,37.49,1,0.18,0.03,10
GLP,03/05/2014,14:47,14:46:49.846,37.45,1,37.49,1,14:46:49.846,37.45,1,37.49,1,14:46:49.846,37.45,1,37.49,1,14:46:49.846,37.45,1,37.49,1,0.04,0.04,1
GLP,03/05/2014,14:48,14:47:05.913,37.45,1,37.5,2,14:47:05.913,37.45,1,37.5,2,14:47:05.940,37.45,1,37.49,1,14:47:05.940,37.45,1,37.49,1,0.05,0.04,2
GLP,03/05/2014,14:49,14:48:01.944,37.45,1,37.5,2,14:48:01.944,37.45,1,37.5,2,14:48:01.981,37.45,1,37.49,1,14:48:38.015,37.45,1,37.49,1,0.05,0.04,4
GLP,03/05/2014,14:50,14:49:34.030,37.45,1,37.5,2,14:49:34.030,37.45,1,37.5,2,14:49:34.058,37.45,1,37.49,1,14:49:34.058,37.45,1,37.49,1,0.05,0.04,2
GLP,03/05/2014,14:51,14:50:30.069,37.45,1,37.5,2,14:50:30.069,37.45,1,37.5,2,14:50:30.101,37.45,1,37.49,1,14:50:30.101,37.45,1,37.49,1,0.05,0.04,2
GLP,03/05/2014,14:52,14:51:26.101,37.45,1,37.5,1,14:51:26.101,37.45,1,37.5,1,14:51:26.130,37.45,1,37.49,1,14:51:26.130,37.45,1,37.49,1,0.05,0.04,2
GLP,03/05/2014,14:53,14:52:22.138,37.45,1,37.5,1,14:52:22.138,37.45,1,37.5,1,14:52:22.166,37.45,1,37.49,1,14:52:22.166,37.45,1,37.49,1,0.05,0.04,2
GLP,03/05/2014,14:54,14:53:18.171,37.45,1,37.5,1,14:53:18.171,37.45,1,37.5,1,14:53:18.199,37.45,1,37.49,1,14:53:18.199,37.45,1,37.49,1,0.05,0.04,2
GLP,03/05/2014,14:55,14:54:14.210,37.45,1,37.5,1,14:54:14.210,37.45,1,37.5,1,14:54:14.237,37.45,1,37.49,1,14:54:50.271,37.45,1,37.49,1,0.05,0.04,4
GLP,03/05/2014,14:56,14:55:26.279,37.45,1,37.5,1,14:55:26.279,37.45,1,37.5,1,14:55:26.306,37.45,1,37.49,1,14:55:26.306,37.45,1,37.49,1,0.05,0.04,2
GLP,03/05/2014,14:57,14:56:22.315,37.45,1,37.5,1,14:56:22.315,37.45,1,37.5,1,14:56:22.343,37.45,1,37.49,1,14:56:22.343,37.45,1,37.49,1,0.05,0.04,2
GLP,03/05/2014,14:58,14:57:18.351,37.45,1,37.5,1,14:57:18.351,37.45,1,37.5,1,14:57:18.381,37.45,1,37.49,1,14:57:18.381,37.45,1,37.49,1,0.05,0.04,2
GLP,03/05/2014,14:59,14:58:14.387,37.45,1,37.5,1,14:58:14.387,37.45,1,37.5,1,14:58:14.414,37.45,1,37.49,1,14:58:14.414,37.45,1,37.49,1,0.05,0.04,2
GLP,03/05/2014,15:00,14:59:10.415,37.45,1,37.5,1,14:59:10.415,37.45,1,37.5,1,14:59:10.443,37.45,1,37.49,1,14:59:10.443,37.45,1,37.49,1,0.05,0.04,2
GLP,03/05/2014,15:01,15:00:06.244,37.45,1,37.5,1,15:00:06.244,37.45,1,37.5,1,15:00:06.271,37.45,1,37.49,1,15:00:06.271,37.45,1,37.49,1,0.05,0.04,2
GLP,03/05/2014,15:02,15:01:02.277,37.45,1,37.5,1,15:01:02.277,37.45,1,37.5,1,15:01:02.305,37.45,1,37.49,1,15:01:58.348,37.45,1,37.49,1,0.05,0.04,4
GLP,03/05/2014,15:03,15:02:54.352,37.45,1,37.5,1,15:02:54.352,37.45,1,37.5,1,15:02:54.429,37.45,1,37.49,1,15:02:54.429,37.45,1,37.49,1,0.05,0.04,2
GLP,03/05/2014,15:04,15:03:50.435,37.45,1,37.49,1,15:03:50.435,37.45,1,37.49,1,15:03:50.435,37.45,1,37.49,1,15:03:50.435,37.45,1,37.49,1,0.04,0.04,1
GLP,03/05/2014,15:06,15:05:15.200,37.45,1,37.49,1,15:05:15.200,37.45,1,37.49,1,15:05:15.200,37.45,1,37.49,1,15:05:42.572,37.45,1,37.49,1,0.05,0.04,3
GLP,03/05/2014,15:07,15:06:38.571,37.45,1,37.5,7,15:06:38.571,37.45,1,37.5,7,15:06:38.596,37.45,1,37.49,1,15:06:38.596,37.45,1,37.49,1,0.05,0.04,2
GLP,03/05/2014,15:08,15:07:34.605,37.45,1,37.5,7,15:07:34.605,37.45,1,37.5,7,15:07:34.629,37.45,1,37.49,1,15:07:34.629,37.45,1,37.49,1,0.05,0.04,2
GLP,03/05/2014,15:09,15:08:19.106,37.43,1,37.49,1,15:08:19.106,37.43,1,37.49,1,15:08:34.460,37.31,1,37.46,1,15:08:34.593,37.31,1,37.46,2,0.18,0.06,8
GLP,03/05/2014,15:10,15:09:30.618,37.31,1,37.46,1,15:09:30.618,37.31,1,37.46,1,15:09:50.106,37.31,1,37.45,1,15:09:50.106,37.31,1,37.45,1,0.15,0.14,3
GLP,03/05/2014,15:11,15:10:46.265,37.31,1,37.46,1,15:10:59.371,37.39,1,37.46,1,15:10:46.288,37.31,1,37.45,1,15:10:59.371,37.39,1,37.46,1,0.15,0.07,4
GLP,03/05/2014,15:12,15:11:00.980,37.39,1,37.5,7,15:11:50.716,37.41,1,37.5,6,15:11:00.980,37.39,1,37.5,7,15:11:50.716,37.41,1,37.5,6,0.19,0.09,4
GLP,03/05/2014,15:13,15:12:33.251,37.45,1,37.5,6,15:12:33.251,37.45,1,37.5,6,15:12:33.251,37.45,1,37.5,6,15:12:33.251,37.45,1,37.5,6,0.05,0.05,1
GLP,03/05/2014,15:15,15:14:16.646,37.45,1,37.5,7,15:14:16.646,37.45,1,37.5,7,15:14:16.646,37.45,1,37.5,7,15:14:16.646,37.45,1,37.5,7,0.05,0.05,1
GLP,03/05/2014,15:18,15:17:40.514,37.45,1,37.49,1,15:17:40.514,37.45,1,37.49,1,15:17:40.514,37.45,1,37.49,1,15:17:44.766,37.45,1,37.5,7,0.05,0.04,2
GLP,03/05/2014,15:25,15:24:18.011,37.45,1,37.5,6,15:24:18.011,37.45,1,37.5,6,15:24:23.123,37.41,2,37.48,1,15:24:33.074,37.41,2,37.5,6,0.09,0.05,6
GLP,03/05/2014,15:28,15:27:44.775,37.45,1,37.5,6,15:27:44.775,37.45,1,37.5,6,15:27:44.775,37.45,1,37.5,6,15:27:44.775,37.45,1,37.5,6,0.05,0.05,1
GLP,03/05/2014,15:33,15:32:09.347,37.45,1,37.53,4,15:32:09.347,37.45,1,37.53,4,15:32:09.347,37.45,1,37.53,4,15:32:09.347,37.45,1,37.53,4,0.08,0.08,1
GLP,03/05/2014,15:34,15:33:35.052,37.45,1,37.53,3,15:33:35.052,37.45,1,37.53,3,15:33:35.052,37.45,1,37.53,3,15:33:35.052,37.45,1,37.53,3,0.08,0.08,1
GLP,03/05/2014,15:36,15:35:19.278,37.44,2,37.53,3,15:35:33.891,37.46,2,37.53,3,15:35:31.192,37.44,2,37.5,1,15:35:33.891,37.46,2,37.53,3,0.09,0.06,4
GLP,03/05/2014,15:39,15:38:03.698,37.46,4,37.53,3,15:38:03.698,37.46,4,37.53,3,15:38:03.698,37.46,4,37.53,3,15:38:03.698,37.46,4,37.53,3,0.07,0.07,1
GLP,03/05/2014,15:42,15:41:56.552,37.46,4,37.53,4,15:41:56.552,37.46,4,37.53,4,15:41:56.552,37.46,4,37.53,4,15:41:56.552,37.46,4,37.53,4,0.07,0.07,1
GLP,03/05/2014,15:46,15:45:26.372,37.46,4,37.53,3,15:45:26.372,37.46,4,37.53,3,15:45:26.372,37.46,4,37.53,3,15:45:26.372,37.46,4,37.53,3,0.07,0.07,1
GLP,03/05/2014,15:51,15:50:35.105,37.46,4,37.53,2,15:50:35.105,37.46,4,37.53,2,15:50:45.443,37.46,4,37.5,1,15:50:54.954,37.46,2,37.52,1,0.07,0.04,6
GLP,03/05/2014,15:52,15:51:02.779,37.46,2,37.5,1,15:51:18.827,37.47,1,37.5,1,15:51:14.986,37.46,2,37.49,1,15:51:18.827,37.47,1,37.5,1,0.04,0.03,4
GLP,03/05/2014,15:53,15:52:22.219,37.49,1,37.5,1,15:52:22.219,37.49,1,37.5,1,15:52:22.219,37.49,1,37.5,1,15:52:42.246,37.48,1,37.5,1,0.04,0.01,5
GLP,03/05/2014,15:54,15:53:05.400,37.48,1,37.52,1,15:53:05.400,37.48,1,37.52,1,15:53:05.569,37.48,1,37.51,1,15:53:11.780,37.46,2,37.51,1,0.05,0.03,4
GLP,03/05/2014,15:55,15:54:01.728,37.46,2,37.52,1,15:54:01.728,37.46,2,37.52,1,15:54:57.783,37.46,2,37.51,1,15:54:57.783,37.46,2,37.51,1,0.06,0.05,3
GLP,03/05/2014,15:57,15:56:15.058,37.46,1,37.51,1,15:56:15.058,37.46,1,37.51,1,15:56:15.058,37.46,1,37.51,1,15:56:15.083,37.46,1,37.51,2,0.05,0.05,2
GLP,03/05/2014,15:58,15:57:33.498,37.46,1,37.51,1,15:57:33.498,37.46,1,37.51,1,15:57:33.498,37.46,1,37.51,1,15:57:37.310,37.46,1,37.51,1,0.06,0.05,3
GLP,03/05/2014,15:59,15:58:00.448,37.46,1,37.51,3,15:58:00.448,37.46,1,37.51,3,15:58:26.417,37.31,1,37.47,2,15:58:58.513,37.31,1,37.47,1,0.21,0.04,46
GLP,03/05/2014,16:00,15:59:00.188,37.31,1,37.48,2,15:59:54.055,37.49,4,37.53,2,15:59:00.188,37.31,1,37.48,2,15:59:59.447,37.49,4,37.53,3,0.21,0.04,17
